Tyres,Brakes,Suspension,Body and Chassis,Lights,Glazing,Wipers,Doors,Seat Belts,Airbags,Speedometer,Exhaust System,Fuel System,Final Score,Outcome
8,9,4,10,5,5,3,8,8,4,9,1,1,56.30434782608695,0
7,10,1,5,2,3,10,7,1,7,2,3,10,55.869565217391305,0
1,5,3,9,7,3,2,2,8,6,4,2,6,46.95652173913044,0
9,7,3,3,2,4,4,10,7,6,1,8,10,59.78260869565217,0
6,4,1,10,3,10,4,5,7,2,6,4,4,48.04347826086956,0
8,4,5,2,5,1,5,7,10,9,6,10,2,56.52173913043478,0
8,4,8,3,8,1,2,6,2,6,5,2,7,51.95652173913044,0
2,2,4,3,7,8,6,7,10,7,4,6,2,49.34782608695652,0
5,9,5,3,4,4,2,8,10,5,2,8,6,56.30434782608695,0
3,7,2,5,9,7,1,1,7,1,6,4,7,49.130434782608695,0
1,7,2,1,2,3,9,3,6,3,8,5,5,39.34782608695652,0
10,4,8,2,1,5,5,6,5,8,7,10,9,62.17391304347826,0
8,5,2,3,2,8,10,9,1,6,1,6,4,48.91304347826087,0
7,7,5,5,4,4,9,7,3,10,9,10,3,62.17391304347826,0
8,4,8,8,9,1,1,10,6,8,8,1,5,60.86956521739131,0
4,9,7,3,9,4,9,1,6,1,9,1,5,52.391304347826086,0
7,6,2,3,8,4,2,10,7,3,3,2,9,54.130434782608695,0
3,3,6,9,7,9,2,4,10,9,8,8,3,60.65217391304349,0
7,3,2,6,10,10,8,6,5,1,9,3,9,59.56521739130435,0
4,10,2,6,1,8,9,1,10,7,6,8,6,59.56521739130435,0
1,10,3,10,1,5,2,10,10,7,3,1,7,53.69565217391305,0
10,5,3,7,7,3,1,7,9,6,5,6,1,55.434782608695656,0
10,9,8,5,5,7,5,1,7,1,7,10,9,66.73913043478261,0
1,7,7,3,9,9,7,8,2,5,9,4,3,53.91304347826087,0
5,2,10,8,10,10,3,6,2,2,9,9,7,61.52173913043478,0
4,7,10,3,4,2,4,10,8,6,5,4,2,50.8695652173913,0
5,3,9,7,5,9,7,3,7,10,9,8,2,61.52173913043478,0
10,10,2,8,3,5,2,7,9,6,2,9,9,67.6086956521739,0
10,7,5,9,1,4,7,3,1,5,4,3,10,56.30434782608695,0
7,4,7,4,1,2,5,6,3,10,3,1,5,46.52173913043478,0
6,10,4,9,7,5,1,6,5,5,8,5,7,62.82608695652174,0
5,5,10,5,2,10,5,5,9,2,6,7,7,56.52173913043478,0
9,4,10,8,9,1,1,10,4,3,6,7,6,60.65217391304349,0
10,9,10,1,2,4,10,5,9,9,10,3,9,70.86956521739131,1
10,4,2,1,3,4,5,9,1,7,2,4,8,49.56521739130435,0
8,10,10,4,4,7,8,1,3,6,7,8,4,62.60869565217392,0
7,6,10,3,3,8,7,5,9,4,10,1,9,61.30434782608696,0
1,9,2,10,8,2,6,8,1,8,9,3,5,55.434782608695656,0
8,8,4,1,2,4,2,10,9,6,3,8,5,55.00000000000001,0
5,10,10,9,3,3,10,3,3,2,6,8,8,60.21739130434782,0
5,3,2,10,5,7,4,9,9,9,1,9,3,57.391304347826086,0
2,7,9,1,8,5,4,6,2,3,9,3,5,48.47826086956522,0
2,9,2,5,9,2,3,7,1,2,6,7,1,43.04347826086957,0
5,6,9,6,10,8,6,4,3,8,5,10,4,65.8695652173913,0
1,2,8,1,1,4,5,5,4,2,9,1,6,33.04347826086956,0
10,7,6,1,9,7,6,6,4,10,3,8,2,64.78260869565217,0
1,2,5,2,9,6,6,4,9,8,8,5,9,56.95652173913044,0
8,9,3,1,3,10,4,9,2,3,10,10,1,53.04347826086957,0
6,4,1,3,7,6,5,5,3,1,4,8,2,41.52173913043478,0
6,7,2,6,5,10,9,10,1,3,3,2,8,54.78260869565217,0
5,6,1,10,5,1,9,4,2,1,4,6,6,45.43478260869565,0
2,7,2,4,3,5,9,2,3,3,3,4,8,42.82608695652174,0
10,2,3,1,2,9,8,5,2,7,6,6,4,49.130434782608695,0
10,3,6,3,8,10,6,10,10,5,5,9,8,70.86956521739131,1
7,5,9,10,9,8,6,1,9,10,3,2,10,73.69565217391305,1
6,7,8,9,2,9,7,4,5,8,7,3,2,57.173913043478265,0
2,2,9,1,7,6,4,1,1,6,10,6,1,41.08695652173913,0
5,9,8,2,4,10,10,9,6,7,9,6,2,62.39130434782608,0
3,9,4,2,9,6,5,4,7,6,8,9,6,61.52173913043478,0
5,6,6,1,7,8,10,8,3,6,9,7,3,57.391304347826086,0
8,1,3,3,5,1,9,10,6,10,3,8,4,53.69565217391305,0
3,3,8,8,1,7,5,9,3,1,10,8,2,43.47826086956522,0
2,6,7,7,7,10,8,4,1,7,6,1,6,55.21739130434783,0
4,10,4,8,3,5,10,3,3,6,10,4,5,56.086956521739125,0
9,2,1,8,4,3,7,1,9,3,8,7,3,48.04347826086956,0
6,2,9,9,7,2,1,9,6,1,4,10,3,50.21739130434783,0
7,2,10,3,1,4,10,7,4,2,7,8,8,51.08695652173913,0
5,3,9,6,10,4,8,4,10,1,5,10,8,62.17391304347826,0
6,10,10,1,5,3,2,9,2,4,3,8,9,58.69565217391305,0
8,4,8,6,2,6,8,3,3,3,1,4,4,45.65217391304348,0
4,1,3,10,6,5,10,6,7,2,1,8,1,44.130434782608695,0
6,8,8,7,4,6,6,2,5,8,9,4,10,66.08695652173913,0
2,2,6,5,8,7,4,2,1,10,6,8,9,56.52173913043478,0
5,3,2,4,4,4,8,7,9,10,1,10,1,50.8695652173913,0
9,8,2,1,6,2,7,2,3,8,4,2,5,51.30434782608696,0
8,2,7,2,9,2,9,3,9,1,10,5,1,48.69565217391305,0
1,4,2,2,5,6,8,8,10,2,6,6,8,48.26086956521739,0
2,5,8,5,4,5,2,6,10,2,5,2,6,45.869565217391305,0
8,10,2,7,2,6,2,3,2,10,7,2,9,60.0,0
7,5,5,3,2,2,10,10,8,6,5,10,2,53.04347826086957,0
5,6,10,3,5,8,2,1,2,8,4,8,8,58.04347826086956,0
9,1,9,2,7,5,9,9,5,3,3,1,4,49.56521739130435,0
7,5,5,8,1,3,8,5,8,8,2,1,8,54.34782608695652,0
5,3,9,5,10,10,10,8,1,8,8,8,7,68.69565217391305,0
1,5,4,5,9,1,3,1,8,7,7,5,6,50.21739130434783,0
3,1,7,10,6,10,10,10,3,9,3,3,5,57.60869565217392,0
8,4,10,7,10,6,5,1,4,9,7,7,1,62.60869565217392,0
5,6,4,10,1,3,3,1,6,4,9,4,8,49.34782608695652,0
7,5,9,7,6,3,2,5,2,8,10,5,8,61.30434782608696,0
5,6,5,5,3,5,4,1,2,7,2,6,1,41.95652173913044,0
9,10,1,10,1,6,8,1,5,6,1,6,4,55.21739130434783,0
1,2,6,9,2,8,6,7,9,9,3,10,10,60.43478260869565,0
8,4,2,6,6,5,6,9,2,6,8,10,8,61.08695652173913,0
6,4,10,2,7,7,2,5,1,4,9,6,10,57.60869565217392,0
7,10,8,4,1,9,7,4,9,5,3,5,8,62.60869565217392,0
2,6,1,9,9,8,5,3,5,1,4,7,7,51.95652173913044,0
6,5,10,9,5,8,8,2,6,8,7,2,8,65.0,0
3,8,7,10,4,9,4,1,10,1,10,10,5,59.34782608695652,0
4,5,6,3,5,6,8,4,10,9,7,7,8,62.82608695652174,0
3,3,7,10,1,10,4,7,10,3,7,5,10,56.95652173913044,0
3,6,1,2,5,9,3,8,4,1,2,3,7,41.95652173913044,0
3,10,6,7,4,10,7,3,2,8,9,6,5,61.08695652173913,0
1,2,2,8,3,10,10,10,2,1,8,5,2,39.56521739130434,0
6,6,4,6,9,1,4,3,3,4,10,5,8,55.65217391304348,0
8,8,6,6,1,10,1,3,2,5,4,9,1,50.0,0
1,2,4,10,5,3,7,3,9,5,1,8,9,50.8695652173913,0
9,6,6,2,4,10,6,10,4,6,1,6,4,57.173913043478265,0
6,9,7,4,4,4,1,9,4,1,3,10,1,47.391304347826086,0
3,6,4,2,6,9,1,2,2,4,1,7,6,44.56521739130434,0
3,4,6,6,3,6,4,5,2,7,8,8,3,47.391304347826086,0
4,6,4,3,4,5,1,10,8,9,5,5,3,51.52173913043478,0
5,1,3,1,5,3,6,2,8,1,8,9,7,43.26086956521739,0
1,2,3,5,4,9,3,4,6,1,9,8,6,42.391304347826086,0
9,9,5,9,1,8,2,5,10,1,6,5,6,58.04347826086956,0
8,2,5,3,7,2,5,5,6,9,9,3,9,58.69565217391305,0
2,9,7,5,1,2,3,1,3,5,2,1,8,41.52173913043478,0
9,1,10,9,2,5,2,8,5,6,1,8,3,51.73913043478261,0
4,8,7,3,1,9,10,3,5,1,4,3,2,42.391304347826086,0
8,2,3,6,10,6,6,9,10,3,1,2,5,55.00000000000001,0
1,4,9,2,6,1,2,6,5,9,3,4,2,42.391304347826086,0
5,6,4,8,7,2,8,9,8,8,2,9,6,63.26086956521739,0
6,1,5,7,8,4,8,9,9,2,10,10,4,57.391304347826086,0
7,7,8,1,9,9,9,1,3,4,1,5,4,55.434782608695656,0
9,6,1,4,9,10,10,9,2,7,8,4,7,66.73913043478261,0
9,3,10,1,2,9,2,9,9,4,2,8,1,50.43478260869565,0
2,1,6,8,3,4,4,5,5,5,3,7,7,44.34782608695652,0
6,2,6,2,5,7,9,3,1,3,4,1,3,38.69565217391304,0
10,8,4,1,10,1,5,5,8,9,5,5,10,70.0,1
9,2,6,8,6,9,3,2,4,8,6,5,2,55.00000000000001,0
6,3,6,9,10,7,8,4,10,4,5,1,10,64.78260869565217,0
5,3,2,9,4,8,9,6,3,5,5,4,1,45.21739130434783,0
7,3,7,6,8,5,3,5,3,6,7,10,5,58.26086956521739,0
4,9,5,6,2,2,7,5,1,1,4,6,6,43.91304347826088,0
2,9,3,6,4,10,7,3,4,5,3,5,2,47.82608695652174,0
5,1,2,10,2,2,1,10,8,6,9,4,2,43.04347826086957,0
2,7,8,1,6,6,5,6,10,8,10,3,8,61.08695652173913,0
9,6,7,9,10,5,4,6,6,3,3,9,5,65.0,0
10,3,8,3,3,6,1,3,9,7,9,9,9,63.26086956521739,0
5,2,4,8,9,9,8,8,1,5,4,2,3,50.43478260869565,0
8,8,8,1,5,4,2,4,10,5,3,10,10,64.56521739130436,0
1,8,7,9,1,1,1,1,5,6,1,6,1,38.04347826086957,0
2,3,10,10,7,8,1,1,7,9,1,4,8,58.26086956521739,0
3,10,4,8,1,2,6,4,2,6,4,5,5,46.95652173913044,0
6,4,7,3,6,6,9,2,7,3,9,3,9,56.086956521739125,0
1,4,8,10,8,1,3,6,2,4,7,2,10,51.30434782608696,0
6,2,9,4,4,4,9,1,2,1,6,6,6,43.91304347826088,0
9,5,6,10,7,9,3,2,5,3,2,1,4,53.69565217391305,0
10,10,1,4,5,8,8,4,2,2,1,2,4,50.43478260869565,0
1,8,10,2,8,4,2,2,1,1,10,6,3,43.91304347826088,0
9,2,4,6,8,3,10,7,3,2,6,1,5,49.34782608695652,0
3,3,6,10,10,8,3,6,3,7,4,4,3,54.130434782608695,0
2,10,10,1,2,4,7,2,2,3,10,10,9,54.130434782608695,0
5,8,3,1,1,9,9,3,3,2,9,9,4,47.17391304347826,0
1,1,7,1,7,10,8,3,2,6,1,5,10,48.69565217391305,0
9,8,10,2,7,8,8,6,3,1,3,5,8,61.52173913043478,0
2,5,9,1,3,4,5,1,8,4,10,7,7,48.69565217391305,0
5,6,2,5,5,5,2,6,7,3,2,10,3,47.17391304347826,0
7,8,3,7,1,4,5,9,7,4,6,8,9,59.130434782608695,0
2,1,4,9,3,6,10,5,7,1,1,3,5,38.91304347826087,0
6,8,10,7,4,10,4,7,1,8,6,1,5,60.0,0
8,4,4,1,6,4,2,10,2,7,5,4,8,53.04347826086957,0
5,8,2,4,4,2,7,8,7,7,8,7,1,51.52173913043478,0
4,5,5,6,6,6,9,4,6,5,4,5,2,49.56521739130435,0
9,4,5,3,2,6,4,5,1,6,5,8,7,51.52173913043478,0
9,4,9,2,2,7,7,9,9,8,2,6,1,55.434782608695656,0
10,1,2,6,5,5,7,3,8,1,5,9,8,53.2608695652174,0
8,8,8,4,5,6,9,10,5,5,2,1,2,55.21739130434783,0
4,4,8,5,9,7,5,5,2,1,6,10,9,57.173913043478265,0
2,9,7,5,9,3,3,6,9,7,9,2,8,62.82608695652174,0
9,2,1,10,4,2,8,3,8,10,6,9,1,55.21739130434783,0
8,4,1,10,3,3,2,6,8,10,7,6,3,55.21739130434783,0
3,1,1,7,9,1,8,4,2,10,6,5,1,44.34782608695652,0
1,4,2,1,6,5,2,8,2,10,4,8,2,42.82608695652174,0
6,2,1,7,5,4,10,10,4,1,10,8,8,52.60869565217391,0
1,7,2,6,3,9,7,4,7,3,4,2,3,41.95652173913044,0
7,7,3,5,3,5,1,7,10,6,2,9,3,53.47826086956522,0
9,2,6,1,7,1,1,2,10,3,2,5,5,45.43478260869565,0
7,10,3,7,2,10,4,7,8,10,6,3,5,64.56521739130436,0
7,5,5,1,4,7,8,5,8,7,9,10,5,60.21739130434782,0
10,4,10,9,9,10,1,9,8,4,9,1,2,64.56521739130436,0
4,6,2,5,8,3,6,7,9,6,9,4,4,55.00000000000001,0
3,3,6,4,3,7,1,1,8,5,8,1,10,47.391304347826086,0
7,9,1,6,1,5,2,1,3,9,7,6,6,52.826086956521735,0
8,6,4,4,5,3,5,10,2,1,5,8,7,51.73913043478261,0
4,2,4,4,8,1,4,5,1,5,1,8,1,37.826086956521735,0
3,4,4,5,4,3,4,7,7,3,7,3,7,45.0,0
8,10,8,6,6,9,4,1,2,9,10,10,10,76.08695652173914,1
1,6,2,3,3,5,9,5,10,1,5,3,2,37.391304347826086,0
9,2,7,10,7,3,3,3,5,1,6,4,1,45.869565217391305,0
3,6,5,6,5,3,1,6,10,4,8,8,9,56.739130434782616,0
1,8,4,2,10,4,9,5,3,5,1,4,9,53.47826086956522,0
3,9,7,7,8,1,5,1,3,8,2,5,5,54.34782608695652,0
8,1,2,7,6,6,10,9,6,6,9,9,8,63.26086956521739,0
4,2,9,9,6,8,2,9,2,10,5,9,6,61.52173913043478,0
1,5,10,7,1,4,2,4,1,5,2,9,6,43.26086956521739,0
2,6,3,1,2,6,1,5,10,2,3,1,6,37.173913043478265,0
10,2,4,7,4,9,5,5,3,4,9,8,2,52.391304347826086,0
1,8,9,4,4,10,9,10,9,5,8,7,6,63.26086956521739,0
9,2,6,2,9,1,3,7,1,9,4,5,1,48.47826086956522,0
8,3,9,7,3,2,10,4,9,9,5,3,4,57.173913043478265,0
9,2,3,7,2,9,10,4,3,9,1,5,10,58.91304347826088,0
2,9,9,2,7,6,10,6,1,1,7,1,5,48.47826086956522,0
6,9,2,10,8,10,6,3,5,9,4,2,1,60.43478260869565,0
4,10,9,4,6,1,9,10,4,2,10,5,10,62.39130434782608,0
5,9,1,2,5,4,8,1,4,9,3,9,5,54.130434782608695,0
6,9,1,9,1,1,6,1,1,10,1,6,10,54.34782608695652,0
3,9,7,1,8,3,4,2,5,6,4,3,4,49.34782608695652,0
3,8,4,1,5,7,3,7,6,7,3,8,2,49.78260869565217,0
1,3,1,9,3,8,5,10,4,1,4,2,3,35.869565217391305,0
7,4,7,9,6,9,8,7,6,5,5,10,1,60.43478260869565,0
6,5,1,10,7,9,7,1,9,7,1,7,5,60.0,0
5,10,3,1,8,1,1,8,6,5,6,7,3,51.95652173913044,0
2,4,4,1,6,7,9,5,7,4,3,2,6,45.0,0
7,3,8,8,10,7,2,2,8,2,5,4,6,57.173913043478265,0
9,7,3,6,5,3,10,3,6,4,1,2,10,57.173913043478265,0
8,2,3,1,2,8,3,10,6,7,10,6,3,49.56521739130435,0
8,10,8,6,3,4,4,5,2,3,8,1,8,55.869565217391305,0
5,7,1,1,1,4,9,3,6,2,2,9,5,41.52173913043478,0
2,4,7,3,1,7,6,4,7,9,9,3,10,54.130434782608695,0
2,3,6,4,2,3,1,1,2,2,5,8,3,31.08695652173913,0
4,7,10,1,8,7,5,9,8,9,7,9,4,66.73913043478261,0
8,1,2,4,6,2,8,4,7,3,2,10,6,48.47826086956522,0
6,2,1,8,2,6,1,10,2,1,10,10,4,43.04347826086957,0
8,2,3,1,3,3,6,7,6,10,1,9,7,53.04347826086957,0
10,5,5,2,5,9,7,4,3,3,3,5,4,51.08695652173913,0
8,5,6,6,5,7,8,3,2,3,10,7,7,57.826086956521735,0
7,6,6,10,8,10,5,8,7,6,5,7,8,71.95652173913044,1
8,4,6,6,7,6,10,10,10,5,5,2,3,59.78260869565217,0
6,5,5,4,1,1,1,6,7,2,8,8,10,48.91304347826087,0
3,4,3,7,6,4,10,1,2,3,4,1,3,38.26086956521739,0
8,8,10,10,5,5,6,3,8,9,4,6,1,64.78260869565217,0
7,9,7,9,1,2,1,9,5,2,2,6,4,49.130434782608695,0
9,4,5,6,2,6,8,4,6,10,3,5,6,58.47826086956521,0
7,8,10,1,9,10,1,2,4,1,3,2,6,53.91304347826087,0
4,4,7,6,2,4,5,2,1,2,10,8,3,40.65217391304348,0
6,1,6,5,5,3,3,9,5,10,4,6,9,56.95652173913044,0
5,4,1,4,9,5,8,5,3,2,6,10,4,49.34782608695652,0
10,5,2,5,6,3,8,3,4,7,2,7,7,57.391304347826086,0
3,10,1,8,4,6,6,3,9,5,10,9,4,58.04347826086956,0
2,2,2,1,6,10,6,1,3,5,9,1,9,44.130434782608695,0
7,2,5,6,3,1,4,2,6,4,1,4,5,40.21739130434783,0
5,8,10,10,7,10,2,9,10,8,1,10,2,70.43478260869566,1
1,2,5,9,4,9,7,2,5,9,5,5,3,48.26086956521739,0
10,8,8,2,4,7,6,2,6,7,4,2,2,55.21739130434783,0
6,1,3,6,10,9,9,1,9,8,9,8,8,66.95652173913044,0
2,6,4,3,6,10,8,5,9,8,1,6,5,56.30434782608695,0
8,9,4,1,4,7,7,9,2,8,2,5,7,59.34782608695652,0
2,2,7,3,9,3,8,2,1,5,9,1,8,46.30434782608695,0
8,8,4,6,4,3,2,3,2,10,5,1,7,55.00000000000001,0
10,9,6,1,7,5,1,3,5,8,4,1,4,56.52173913043478,0
3,2,3,2,8,7,4,1,4,3,9,2,4,39.56521739130434,0
6,7,9,8,1,3,2,9,1,8,2,8,4,52.826086956521735,0
5,8,9,8,4,5,3,10,4,5,1,2,4,52.60869565217391,0
8,10,6,5,10,3,5,6,2,3,3,1,10,61.73913043478261,0
6,5,2,10,3,9,2,3,9,1,7,7,3,48.91304347826087,0
8,2,9,2,9,6,6,8,3,4,10,2,7,57.391304347826086,0
5,3,3,3,3,8,10,7,1,3,2,3,2,37.391304347826086,0
8,1,10,9,4,4,7,2,5,8,10,6,9,63.04347826086957,0
4,6,10,8,8,4,4,3,10,3,10,3,2,55.21739130434783,0
3,4,9,9,5,4,6,4,6,1,8,2,6,48.04347826086956,0
5,10,1,8,6,5,4,6,1,3,9,6,9,57.826086956521735,0
10,7,1,1,7,4,3,8,8,3,6,3,9,57.60869565217392,0
6,7,8,5,6,4,1,9,1,7,8,2,4,53.47826086956522,0
4,6,5,1,9,7,9,5,3,6,3,6,10,59.78260869565217,0
10,10,4,4,5,10,2,4,5,5,9,2,3,58.69565217391305,0
7,1,3,5,8,9,4,7,7,7,8,4,6,58.04347826086956,0
4,6,10,3,8,10,10,5,9,6,3,4,5,62.82608695652174,0
6,2,1,1,4,10,10,1,10,10,8,5,1,50.8695652173913,0
6,2,10,2,1,1,1,10,3,8,6,2,9,47.391304347826086,0
7,5,5,7,10,6,2,7,4,3,7,6,8,61.08695652173913,0
7,3,9,6,1,1,7,5,3,4,6,1,5,42.60869565217392,0
10,1,5,9,1,3,10,6,2,2,5,3,6,45.21739130434783,0
8,8,9,2,5,9,9,8,6,5,10,4,5,65.0,0
4,9,3,9,4,2,8,8,7,3,7,7,3,53.2608695652174,0
1,8,7,10,2,8,2,4,1,6,9,5,10,56.086956521739125,0
9,4,3,10,7,8,1,1,7,2,1,3,4,49.78260869565217,0
3,3,7,3,4,10,3,10,2,2,5,9,5,46.52173913043478,0
2,9,5,7,6,6,8,6,9,4,4,6,7,59.78260869565217,0
10,2,4,5,4,3,10,10,4,6,9,4,3,52.826086956521735,0
5,6,4,2,8,10,1,9,5,5,4,1,8,55.21739130434783,0
6,4,8,7,2,7,10,8,3,2,3,6,7,52.17391304347826,0
4,9,7,5,1,4,1,4,6,8,8,4,3,49.78260869565217,0
5,6,3,5,4,1,5,8,7,4,7,2,7,48.69565217391305,0
9,7,3,5,3,5,8,4,6,9,1,6,6,58.91304347826088,0
7,2,1,4,1,2,1,8,10,9,10,6,10,54.78260869565217,0
2,4,1,3,6,6,9,5,9,2,2,9,4,44.78260869565218,0
7,6,5,4,9,10,5,3,8,1,6,2,10,60.86956521739131,0
1,5,2,10,1,9,5,9,9,10,3,1,8,54.78260869565217,0
7,9,6,8,2,10,7,4,5,4,6,7,6,61.30434782608696,0
9,4,4,1,10,4,2,4,9,2,6,3,8,54.78260869565217,0
2,10,8,1,7,3,7,10,3,4,10,9,3,55.65217391304348,0
1,5,5,5,6,4,9,10,3,5,4,5,1,43.91304347826088,0
10,1,2,1,4,1,3,5,4,5,5,2,9,43.69565217391304,0
8,9,1,8,9,2,5,9,7,8,2,4,5,63.69565217391304,0
9,5,1,8,4,8,6,1,6,2,9,9,1,50.65217391304348,0
1,10,2,10,4,6,7,7,8,10,10,7,9,68.91304347826087,0
4,1,7,3,5,7,7,10,8,4,10,4,3,49.130434782608695,0
6,5,2,6,7,3,2,9,10,7,5,10,3,57.60869565217392,0
3,2,4,5,6,9,7,9,10,8,7,1,4,53.91304347826087,0
8,10,7,9,9,5,5,1,6,8,10,8,8,76.52173913043478,1
6,9,8,4,1,4,7,5,2,8,9,3,8,57.60869565217392,0
5,8,9,4,4,2,7,7,10,7,7,8,6,63.26086956521739,0
5,7,8,1,10,6,9,4,10,7,10,8,4,67.3913043478261,0
6,6,10,2,2,4,2,9,4,6,5,3,5,49.130434782608695,0
4,2,7,4,2,2,5,3,5,8,8,3,9,47.82608695652174,0
2,4,10,6,7,2,8,8,5,9,1,5,3,52.826086956521735,0
2,3,8,9,2,8,8,4,10,9,2,7,10,61.73913043478261,0
4,2,10,8,4,10,7,9,2,6,9,10,6,60.86956521739131,0
2,3,5,9,7,10,1,7,6,10,8,5,3,56.95652173913044,0
8,5,5,5,4,5,9,3,2,1,9,3,4,46.08695652173913,0
8,5,10,4,4,3,4,4,8,4,10,5,4,54.56521739130434,0
9,6,5,1,7,7,3,2,5,6,7,1,6,54.56521739130434,0
8,3,10,4,7,10,1,6,10,10,5,3,3,63.04347826086957,0
3,9,10,3,10,5,9,2,3,3,5,10,9,64.13043478260869,0
5,10,6,9,1,4,6,8,9,5,4,3,5,56.30434782608695,0
5,9,5,2,9,6,4,1,4,9,1,9,2,56.52173913043478,0
3,3,9,4,6,9,8,3,6,5,1,3,7,51.52173913043478,0
2,3,6,7,5,6,4,10,10,1,5,6,6,49.56521739130435,0
8,2,3,1,5,3,3,8,2,4,3,1,8,41.95652173913044,0
3,1,10,3,5,6,3,4,10,9,5,4,8,55.00000000000001,0
4,2,5,6,3,2,1,3,1,3,1,10,2,33.04347826086956,0
6,7,8,7,10,4,3,3,9,8,5,7,5,66.73913043478261,0
6,6,2,1,1,10,6,10,9,5,4,2,5,49.34782608695652,0
8,1,4,1,1,8,3,5,10,5,1,7,9,49.56521739130435,0
2,7,3,10,4,5,7,8,3,4,9,5,10,56.739130434782616,0
2,4,2,5,1,3,1,9,9,10,3,8,10,52.60869565217391,0
9,10,10,6,2,6,1,3,7,9,2,7,2,60.86956521739131,0
10,2,6,10,5,5,9,7,1,6,7,9,2,57.391304347826086,0
8,6,5,5,10,2,7,7,3,5,6,10,6,63.04347826086957,0
3,10,2,10,3,3,4,2,8,7,6,8,7,58.04347826086956,0
7,6,4,10,6,4,2,10,3,4,1,9,4,54.56521739130434,0
4,7,1,1,6,2,6,4,9,1,6,5,10,49.130434782608695,0
7,7,4,3,7,8,8,7,9,4,4,3,1,54.130434782608695,0
2,6,10,1,9,5,9,5,4,3,1,10,5,53.2608695652174,0
7,5,7,8,8,4,4,10,6,3,2,7,2,55.00000000000001,0
6,6,7,9,4,8,2,10,3,8,4,4,10,64.13043478260869,0
6,3,2,4,5,3,6,5,1,7,6,4,9,49.130434782608695,0
4,10,10,8,9,8,9,1,2,3,1,5,7,62.17391304347826,0
7,7,8,7,3,1,2,6,5,4,8,7,9,57.826086956521735,0
8,3,7,8,10,6,9,6,2,2,5,5,9,61.73913043478261,0
6,6,6,5,7,5,6,5,7,10,5,4,7,63.69565217391304,0
8,1,7,7,8,5,7,2,2,5,10,9,3,55.00000000000001,0
7,5,7,1,6,2,5,3,5,4,5,4,6,48.47826086956522,0
1,5,9,10,7,7,9,6,8,5,8,1,6,58.91304347826088,0
9,2,9,2,9,7,7,9,8,5,6,5,4,61.30434782608696,0
5,2,8,8,6,7,8,9,1,1,5,10,3,50.21739130434783,0
6,2,7,5,9,2,10,9,1,5,9,6,6,56.30434782608695,0
4,6,4,8,1,10,5,5,5,3,1,1,2,40.43478260869565,0
5,9,4,9,1,4,5,8,3,8,1,9,10,60.86956521739131,0
6,10,8,3,10,8,8,8,7,10,10,8,6,79.13043478260869,1
8,7,8,7,8,7,5,10,9,4,5,3,6,66.73913043478261,0
8,4,4,1,4,3,10,5,2,10,10,6,2,51.73913043478261,0
1,4,2,4,8,2,2,1,6,9,2,9,8,49.78260869565217,0
6,3,2,5,7,4,10,2,9,5,2,7,6,53.04347826086957,0
1,7,9,8,3,6,6,4,1,4,1,5,10,50.8695652173913,0
8,6,8,10,9,4,1,2,3,9,9,8,8,70.21739130434783,1
1,5,9,1,9,5,3,6,3,6,3,4,9,52.17391304347826,0
3,10,1,2,5,9,9,2,3,2,9,6,6,50.65217391304348,0
7,1,3,5,7,7,2,4,4,2,9,7,5,47.391304347826086,0
1,5,9,2,1,4,6,9,8,5,1,8,6,46.73913043478261,0
4,5,5,8,5,4,1,4,8,1,2,1,10,47.17391304347826,0
2,6,2,5,4,10,10,4,8,8,2,8,9,60.0,0
10,1,7,7,6,2,6,4,7,5,4,8,7,57.826086956521735,0
3,3,2,3,3,4,5,3,6,8,6,7,10,49.78260869565217,0
5,7,3,8,8,3,6,6,10,4,5,7,9,63.47826086956522,0
7,8,1,6,1,1,10,2,7,3,4,5,6,47.17391304347826,0
10,3,3,9,6,6,8,2,2,5,2,6,2,50.43478260869565,0
1,10,4,6,2,5,1,9,7,3,7,6,8,51.73913043478261,0
1,7,10,10,10,6,5,6,6,3,4,2,8,60.21739130434782,0
5,10,9,1,4,1,7,7,8,6,2,5,5,55.21739130434783,0
2,5,9,10,7,5,3,9,8,9,1,8,5,62.17391304347826,0
5,8,6,8,1,10,1,3,8,5,5,9,4,55.65217391304348,0
8,10,3,6,9,5,7,8,2,3,2,5,1,54.78260869565217,0
10,6,10,5,2,10,4,9,6,7,9,4,7,67.17391304347827,0
1,8,4,5,9,9,10,9,9,9,5,1,6,64.56521739130436,0
9,10,2,8,4,9,8,1,6,5,1,5,3,57.60869565217392,0
9,7,1,8,3,1,1,3,2,2,3,8,4,43.26086956521739,0
10,9,8,6,1,4,1,1,5,4,8,1,1,47.17391304347826,0
9,4,7,4,9,2,6,5,4,8,4,4,4,57.173913043478265,0
1,10,10,5,3,8,9,9,8,4,9,2,8,61.52173913043478,0
2,9,4,7,1,6,5,10,1,1,3,8,4,43.26086956521739,0
6,2,3,10,5,5,4,5,4,8,8,4,6,53.69565217391305,0
5,9,9,6,6,7,1,7,2,6,1,9,3,56.95652173913044,0
2,8,6,7,5,1,9,3,6,4,6,6,6,51.95652173913044,0
5,3,1,2,2,5,5,7,3,5,1,5,4,36.73913043478261,0
5,3,3,2,10,5,1,9,9,2,2,7,8,52.60869565217391,0
8,9,10,8,10,5,5,2,7,7,2,2,3,65.0,0
2,4,1,1,10,3,8,5,3,1,7,3,10,45.21739130434783,0
8,8,4,6,3,9,5,7,1,10,6,3,10,65.21739130434783,0
8,1,6,3,10,1,2,3,5,4,2,8,10,53.91304347826087,0
1,3,4,10,5,7,3,10,3,7,8,4,1,45.869565217391305,0
4,5,2,7,3,3,9,3,2,10,3,10,1,47.17391304347826,0
9,1,6,8,9,8,10,2,9,10,9,3,6,69.34782608695652,0
2,9,6,5,4,4,9,8,6,5,1,7,1,48.91304347826087,0
3,4,9,6,10,1,1,3,1,7,2,8,1,46.08695652173913,0
6,2,7,6,3,3,3,5,4,10,8,9,3,51.95652173913044,0
8,5,6,5,6,5,8,1,6,1,5,8,3,50.65217391304348,0
10,5,2,2,7,7,5,10,6,4,9,10,4,60.65217391304349,0
9,6,2,6,6,8,8,10,7,7,1,1,2,56.52173913043478,0
4,9,4,9,8,1,1,1,8,6,5,9,1,53.69565217391305,0
9,2,9,4,6,9,6,3,4,7,1,2,4,53.04347826086957,0
1,3,10,3,6,4,3,8,5,2,3,4,8,44.78260869565218,0
6,4,4,8,3,3,1,3,9,6,6,6,9,54.34782608695652,0
5,10,9,2,5,8,6,1,2,5,9,2,2,51.30434782608696,0
7,4,6,1,7,6,10,9,5,2,3,1,1,44.78260869565218,0
3,5,10,9,6,5,8,2,7,4,9,2,2,51.52173913043478,0
7,9,10,6,2,4,4,8,2,5,10,5,5,57.60869565217392,0
4,3,6,5,3,1,9,5,4,1,8,5,6,41.73913043478261,0
6,10,4,8,9,3,3,2,10,3,8,4,2,57.173913043478265,0
6,1,9,8,1,4,4,2,8,5,8,3,9,50.8695652173913,0
9,8,5,5,1,1,4,2,8,6,6,9,10,60.43478260869565,0
1,6,8,8,5,7,4,8,5,9,2,5,4,54.78260869565217,0
6,9,8,4,2,7,5,3,7,9,7,10,3,61.52173913043478,0
9,9,10,9,10,2,2,3,2,1,6,2,8,61.30434782608696,0
6,2,9,5,2,4,7,8,6,6,2,3,10,53.2608695652174,0
5,10,4,1,1,4,6,7,4,9,7,9,2,52.391304347826086,0
6,8,1,6,1,4,6,8,3,1,10,10,4,47.82608695652174,0
2,7,9,6,2,2,3,5,6,8,6,1,3,45.65217391304348,0
7,1,4,9,2,1,10,9,3,4,5,8,2,44.130434782608695,0
10,6,4,3,10,1,1,9,10,1,5,3,2,51.73913043478261,0
6,7,5,10,2,9,7,4,5,3,1,10,4,54.56521739130434,0
6,4,1,6,2,9,5,4,9,1,4,5,10,50.21739130434783,0
1,2,6,3,8,10,3,5,1,4,1,10,10,50.65217391304348,0
2,2,4,9,10,6,6,9,9,5,9,1,7,57.60869565217392,0
5,4,2,6,10,1,1,5,8,4,9,4,10,56.086956521739125,0
2,1,10,10,9,8,9,8,5,5,5,7,6,60.65217391304349,0
7,10,10,1,6,10,3,4,2,9,2,7,3,61.52173913043478,0
7,2,9,3,4,1,8,2,2,9,2,1,10,50.43478260869565,0
6,5,6,9,6,9,10,3,4,9,8,5,5,64.34782608695652,0
5,3,6,9,2,3,1,5,6,10,3,9,2,49.34782608695652,0
6,4,7,6,3,5,3,3,7,2,3,8,6,48.26086956521739,0
6,2,2,3,2,4,3,3,5,3,5,1,10,39.56521739130434,0
9,5,8,5,5,2,1,6,10,1,9,5,3,51.52173913043478,0
9,10,6,6,1,7,10,8,5,1,5,2,3,53.04347826086957,0
2,3,7,7,5,1,10,7,2,5,1,3,4,41.52173913043478,0
6,7,3,2,9,7,1,5,4,3,9,5,1,48.47826086956522,0
2,10,6,2,2,4,6,2,6,3,4,2,1,37.826086956521735,0
3,9,7,8,10,6,7,10,3,7,10,3,8,69.56521739130434,0
2,9,3,7,10,4,10,7,7,8,4,7,3,62.17391304347826,0
2,4,1,7,10,5,6,3,7,10,4,9,3,56.086956521739125,0
3,8,2,5,10,7,8,2,10,7,10,5,10,68.91304347826087,0
10,10,3,8,9,6,1,5,8,6,10,10,6,74.34782608695653,1
4,2,7,4,1,2,1,7,9,1,7,10,7,43.69565217391304,0
1,3,10,9,1,2,2,3,9,3,5,9,10,49.34782608695652,0
4,3,7,3,6,3,4,8,6,8,4,7,1,47.82608695652174,0
9,8,8,6,10,7,5,10,3,10,4,10,4,75.0,1
5,8,5,5,3,9,10,5,6,3,8,5,3,53.47826086956522,0
4,8,2,2,8,7,7,2,8,1,2,9,9,55.65217391304348,0
4,1,6,2,10,8,8,8,8,4,9,9,4,57.391304347826086,0
8,9,5,1,6,10,3,7,1,7,5,8,2,57.60869565217392,0
10,9,8,5,6,3,7,1,8,5,10,5,9,69.1304347826087,0
7,1,10,8,6,1,8,7,10,10,6,3,7,63.69565217391304,0
8,8,6,5,2,9,6,6,2,6,4,7,3,55.21739130434783,0
5,6,2,5,6,8,2,6,3,6,2,9,5,52.391304347826086,0
3,7,9,3,8,3,7,9,6,1,3,9,6,55.00000000000001,0
5,1,2,6,7,7,9,9,1,6,9,3,5,50.21739130434783,0
10,5,10,9,8,10,6,7,5,8,10,3,2,70.0,1
3,10,4,8,9,8,3,8,6,8,5,1,5,62.60869565217392,0
9,2,4,6,9,1,7,10,3,2,3,9,10,58.47826086956521,0
5,2,3,9,6,3,4,3,5,10,9,2,2,48.47826086956522,0
3,4,3,6,6,3,9,8,5,9,6,10,10,62.39130434782608,0
3,1,5,10,3,3,4,5,7,10,1,7,10,54.56521739130434,0
8,7,4,7,5,3,4,6,10,1,1,7,5,53.2608695652174,0
2,8,1,2,5,5,5,1,8,10,9,7,3,51.95652173913044,0
6,9,2,7,1,10,2,2,5,8,3,6,10,59.56521739130435,0
2,8,8,3,1,8,5,6,7,7,8,1,1,46.52173913043478,0
3,5,10,4,7,4,9,5,7,10,3,8,6,62.60869565217392,0
3,4,1,9,6,8,2,7,3,8,3,4,7,51.95652173913044,0
9,10,10,8,2,8,5,8,8,8,4,10,3,70.86956521739131,0
9,3,9,8,9,10,5,5,5,1,9,10,10,70.43478260869566,0
2,10,8,10,10,8,1,3,5,5,5,7,2,60.21739130434782,0
8,2,6,8,2,10,3,8,9,2,9,10,10,62.82608695652174,0
10,10,7,9,10,9,2,7,6,4,5,5,7,74.1304347826087,1
7,9,8,8,3,6,10,9,9,8,6,10,9,76.73913043478261,1
4,10,10,2,6,2,2,6,4,1,7,10,6,54.130434782608695,0
7,3,8,8,9,6,10,7,6,1,3,8,7,61.52173913043478,0
9,10,1,6,5,6,2,9,8,7,8,4,3,61.52173913043478,0
4,2,4,9,10,8,1,5,6,4,6,6,6,55.00000000000001,0
7,3,1,1,4,3,1,10,9,9,3,10,8,55.434782608695656,0
3,10,2,4,7,6,3,9,2,10,3,1,5,54.34782608695652,0
10,2,1,7,5,2,8,2,3,9,1,6,10,56.30434782608695,0
2,4,5,1,7,5,3,3,10,5,3,7,1,42.82608695652174,0
3,9,2,1,4,2,9,2,4,8,5,10,1,46.52173913043478,0
1,9,2,10,10,8,3,2,9,1,3,2,5,51.95652173913044,0
8,8,9,4,2,6,6,2,8,4,5,4,8,58.47826086956521,0
10,8,7,6,9,4,3,2,2,9,5,1,10,67.3913043478261,0
8,3,3,10,1,3,8,10,7,7,8,10,1,54.56521739130434,0
9,4,3,10,2,8,9,7,1,1,8,9,4,52.391304347826086,0
8,5,6,7,2,1,3,7,9,6,1,5,3,49.130434782608695,0
7,6,6,3,5,1,3,4,10,5,3,9,8,56.95652173913044,0
3,8,6,3,4,8,2,6,6,3,5,5,7,51.08695652173913,0
2,8,7,7,6,2,1,9,4,2,3,8,10,54.34782608695652,0
8,9,8,9,3,3,8,9,4,8,9,8,1,63.69565217391304,0
9,3,6,7,8,7,7,3,4,1,2,1,5,49.78260869565217,0
5,5,9,10,3,7,1,5,9,2,9,6,10,60.43478260869565,0
6,4,10,3,9,1,2,6,7,10,6,7,4,60.21739130434782,0
4,5,1,9,2,1,2,8,2,2,2,5,2,33.26086956521739,0
8,9,4,8,10,8,4,4,6,6,1,5,10,70.86956521739131,1
2,6,10,4,10,6,10,6,6,9,8,2,4,62.39130434782608,0
7,9,4,4,1,9,1,6,2,9,7,3,5,54.130434782608695,0
10,10,5,8,9,8,1,6,6,4,6,6,6,69.56521739130434,0
7,5,8,9,9,8,5,1,8,9,3,2,9,69.1304347826087,0
6,9,8,6,4,6,9,8,8,8,7,9,8,72.60869565217392,1
8,5,7,9,8,10,5,7,6,6,7,5,5,67.17391304347827,0
8,10,7,8,8,5,4,1,5,8,10,8,8,73.69565217391305,1
8,8,8,6,6,6,7,9,5,9,4,10,6,71.73913043478261,1
7,8,8,7,4,6,8,9,7,8,5,10,7,71.30434782608695,1
6,10,8,3,8,8,6,5,5,9,10,8,7,73.47826086956522,1
10,8,5,1,7,1,6,5,8,9,6,4,9,66.52173913043478,0
8,9,8,6,6,7,3,1,2,9,9,9,9,71.08695652173913,1
9,8,4,8,9,5,1,3,6,7,9,9,6,68.91304347826087,0
7,9,8,2,6,6,8,6,7,9,10,5,7,70.0,1
7,6,6,8,8,8,5,8,5,7,4,8,6,67.17391304347827,0
8,10,5,8,9,5,3,2,6,7,10,8,7,71.95652173913044,1
8,9,9,1,4,5,9,5,8,9,10,4,8,69.34782608695652,0
9,5,9,8,8,9,6,7,5,8,10,3,2,66.95652173913044,0
9,7,8,6,9,7,5,9,3,9,4,9,3,69.56521739130434,0
8,10,7,8,8,5,4,1,5,8,10,8,8,73.69565217391305,1
9,9,7,9,9,9,2,7,6,4,4,5,6,69.34782608695652,0
8,9,5,8,10,8,3,5,6,5,2,5,8,68.69565217391305,0
9,9,7,8,10,8,2,7,5,4,4,5,6,68.47826086956522,0
8,7,8,8,8,5,1,1,2,9,9,8,8,68.47826086956522,0
8,7,7,9,9,6,1,4,4,6,7,6,7,66.30434782608695,0
7,8,8,7,8,8,3,9,6,9,2,10,3,69.56521739130434,0
6,10,7,3,9,7,7,7,6,9,10,8,6,74.1304347826087,1
9,7,8,6,9,7,5,9,3,9,4,9,3,69.56521739130434,0
9,8,4,3,10,3,4,4,7,7,3,5,10,66.95652173913044,0
8,7,7,9,9,8,3,4,7,6,4,3,8,68.26086956521739,0
10,6,9,9,8,9,5,7,5,7,8,3,3,68.47826086956522,0
10,9,7,9,9,9,2,7,5,4,5,4,6,69.56521739130434,0
8,9,8,6,6,7,3,1,2,9,9,9,9,71.08695652173913,1
10,5,9,9,8,9,5,7,5,7,9,3,2,66.73913043478261,0
8,10,6,8,9,5,4,1,6,7,10,8,7,72.60869565217392,1
8,10,7,6,6,8,3,1,2,8,10,10,9,72.17391304347827,1
6,9,8,3,9,8,7,7,6,9,10,7,5,72.60869565217392,1
10,8,9,1,2,3,9,5,8,9,9,3,9,66.95652173913044,0
8,10,5,8,9,5,3,2,6,7,10,8,7,71.95652173913044,1
9,5,7,4,9,8,5,10,6,7,4,9,5,68.47826086956522,0
8,10,7,8,8,6,4,1,4,8,10,8,8,73.69565217391305,1
9,3,6,3,7,9,6,9,9,5,5,9,8,66.95652173913044,0
9,10,7,9,9,7,2,5,6,5,6,5,7,71.30434782608695,1
6,9,7,2,10,6,7,7,7,9,9,7,6,72.3913043478261,1
8,9,7,7,8,4,5,1,6,8,10,7,8,71.73913043478261,1
9,5,9,8,8,9,5,7,4,8,9,4,2,66.08695652173913,0
7,5,8,10,9,6,3,1,6,9,5,4,9,68.47826086956522,0
9,4,6,3,8,9,6,9,9,6,6,8,7,68.91304347826087,0
9,8,4,8,9,5,1,3,6,7,9,9,6,68.91304347826087,0
6,9,8,2,9,7,8,7,7,9,10,7,6,73.47826086956522,1
9,7,8,6,9,7,5,9,3,9,4,8,3,68.91304347826087,0
7,7,6,9,5,8,7,8,7,6,5,8,8,69.34782608695652,0
6,9,7,4,9,8,7,8,7,9,8,7,6,73.91304347826086,1
8,6,7,5,5,7,8,9,9,6,5,9,8,69.56521739130434,0
8,9,8,6,6,8,3,1,2,9,9,9,9,71.73913043478261,1
9,3,6,3,7,10,5,9,10,5,4,9,7,66.30434782608695,0
7,8,5,8,9,8,4,3,6,6,1,4,10,67.17391304347827,0
8,6,7,9,9,4,1,1,3,8,9,8,8,67.3913043478261,0
7,6,6,10,8,7,3,5,5,7,6,7,8,68.04347826086956,0
9,9,8,3,4,4,8,3,7,8,10,4,8,67.3913043478261,0
7,9,8,2,7,6,8,7,7,9,10,6,6,71.08695652173913,1
8,4,6,6,8,10,5,9,8,5,5,8,8,68.91304347826087,0
8,8,4,8,8,7,2,6,7,6,8,8,6,68.26086956521739,0
8,9,7,6,6,4,6,2,6,8,10,6,8,69.1304347826087,0
9,9,3,8,8,6,1,5,7,6,8,9,6,68.91304347826087,0
9,5,9,8,8,9,5,7,4,8,8,5,2,66.30434782608695,0
8,8,5,1,10,4,6,6,7,9,7,6,8,70.0,1
6,8,7,4,9,8,7,8,7,8,8,7,6,71.73913043478261,1
5,8,9,9,5,8,5,9,9,8,3,10,4,69.34782608695652,0
8,9,9,3,2,4,10,6,9,8,8,5,9,69.1304347826087,0
10,8,7,9,9,9,3,7,5,5,6,4,5,69.34782608695652,0
7,5,8,10,9,4,2,1,4,9,7,6,8,66.52173913043478,0
9,9,3,8,9,5,1,4,7,6,9,9,6,69.34782608695652,0
9,8,7,9,9,8,3,5,6,5,4,4,7,68.69565217391305,0
6,9,8,4,7,7,8,8,7,9,8,8,6,72.82608695652173,1
7,8,5,8,9,8,4,3,6,6,1,4,10,67.17391304347827,0
10,7,8,9,8,9,4,7,5,6,7,3,4,68.04347826086956,0
7,10,7,6,9,6,6,4,6,8,10,8,7,74.78260869565217,1
8,8,4,7,10,7,4,4,6,6,1,5,10,68.47826086956522,0
8,7,5,9,9,4,1,3,5,7,9,8,7,67.17391304347827,0
7,10,8,4,7,8,5,4,4,9,10,9,8,74.34782608695653,1
9,9,6,9,9,9,2,7,6,4,5,5,7,70.21739130434783,1
9,5,9,8,8,9,5,7,4,8,9,3,2,65.43478260869566,0
7,8,8,4,10,7,6,9,4,10,6,9,4,72.3913043478261,1
7,6,6,9,6,8,6,8,7,6,5,7,8,68.26086956521739,0
7,5,8,9,9,8,5,1,8,9,3,2,9,69.1304347826087,0
7,10,8,5,6,8,4,1,2,9,10,9,9,71.95652173913044,1
8,9,7,9,8,5,5,1,5,8,10,7,7,71.95652173913044,1
7,8,7,8,4,7,8,8,8,7,5,9,8,71.52173913043478,1
7,7,7,3,9,8,7,8,7,8,8,8,6,71.73913043478261,1
9,9,9,1,2,4,10,5,9,8,9,3,9,67.6086956521739,0
9,3,6,3,7,9,6,9,9,5,5,9,8,66.95652173913044,0
9,5,9,8,8,9,5,7,4,8,8,4,2,65.65217391304347,0
7,6,7,9,9,8,5,1,8,8,2,2,10,69.1304347826087,0
7,8,7,7,3,6,9,9,9,7,5,9,8,70.65217391304348,1
8,4,7,5,7,10,4,9,10,5,3,9,6,66.30434782608695,0
6,6,8,7,7,10,3,9,10,6,2,9,4,66.30434782608695,0
8,9,7,9,9,9,2,7,7,5,3,6,5,69.1304347826087,0
8,9,8,5,5,8,4,1,2,9,10,9,9,70.86956521739131,1
8,8,8,5,10,7,5,9,3,10,4,9,4,72.17391304347827,1
7,5,6,9,8,10,5,8,7,5,5,7,8,69.1304347826087,0
9,4,6,4,8,8,5,10,7,6,4,9,6,66.30434782608695,0
7,8,7,7,3,6,9,9,9,7,5,9,8,70.65217391304348,1
6,9,8,6,5,6,9,8,8,8,7,9,7,72.60869565217392,1
7,5,8,10,8,8,5,2,8,9,3,2,9,69.1304347826087,0
6,8,8,8,4,7,7,9,9,8,4,10,6,70.86956521739131,1
6,8,8,9,8,9,2,8,8,6,2,8,3,66.30434782608695,0
8,6,6,9,9,4,1,2,4,8,9,8,7,66.73913043478261,0
8,10,6,6,6,8,3,2,3,8,10,10,8,71.52173913043478,1
10,6,8,9,8,9,4,7,5,6,8,3,3,66.30434782608695,0
8,10,7,8,8,6,4,1,4,8,10,8,8,73.69565217391305,1
6,8,7,6,9,8,6,8,7,8,7,7,6,72.17391304347827,1
5,7,9,9,7,10,2,9,10,7,1,9,2,66.30434782608695,0
9,6,9,9,8,8,5,5,5,8,10,4,3,68.47826086956522,0
8,7,8,8,7,6,2,1,2,9,9,8,8,68.47826086956522,0
7,6,7,9,9,8,5,2,7,8,2,3,10,69.56521739130434,0
10,8,8,1,4,3,8,5,8,9,8,3,9,67.6086956521739,0
9,9,9,1,2,4,10,5,9,8,9,3,9,67.6086956521739,0
9,9,9,1,2,4,9,4,8,9,10,3,9,67.6086956521739,0
7,5,8,10,9,4,1,1,3,9,8,7,8,66.52173913043478,0
7,7,5,9,8,9,4,6,6,6,3,6,8,67.6086956521739,0
7,7,7,3,9,8,7,8,8,7,7,8,6,70.86956521739131,1
8,9,6,8,9,5,4,1,6,7,9,7,8,71.52173913043478,1
7,5,8,9,9,8,5,1,8,9,3,2,9,69.1304347826087,0
7,10,7,8,9,5,5,1,6,8,10,8,7,73.69565217391305,1
7,7,5,9,8,9,4,6,6,6,3,6,8,67.6086956521739,0
9,10,3,8,9,5,1,4,7,6,10,9,6,70.86956521739131,1
9,6,9,7,8,8,5,8,4,8,7,5,2,66.08695652173913,0
10,10,6,8,9,8,1,6,6,4,6,6,6,70.21739130434783,1
9,9,8,4,5,4,7,3,7,8,10,5,8,69.34782608695652,0
9,10,3,7,8,6,1,4,7,6,10,10,6,70.43478260869566,1
8,6,8,9,9,8,4,3,7,7,3,3,8,68.47826086956522,0
6,9,8,6,4,6,9,8,8,8,7,9,8,72.60869565217392,1
7,7,6,9,6,8,6,8,7,6,5,8,8,70.0,1
8,6,7,9,9,4,1,1,3,8,9,8,8,67.3913043478261,0
7,7,7,9,9,6,5,1,7,8,6,5,8,69.78260869565217,0
5,8,9,9,7,9,2,9,9,8,1,10,2,67.82608695652173,0
7,8,7,8,3,6,9,8,8,7,5,9,8,70.21739130434783,1
8,8,8,6,9,7,4,9,3,9,3,10,3,69.34782608695652,0
7,5,6,9,8,10,5,8,7,5,5,7,8,69.1304347826087,0
9,9,6,9,9,9,2,7,6,4,5,5,7,70.21739130434783,1
7,10,7,7,9,5,5,3,6,8,10,8,7,73.91304347826086,1
7,10,8,4,7,8,5,4,4,9,10,9,8,74.34782608695653,1
10,8,7,9,9,9,3,7,5,5,6,4,5,69.34782608695652,0
7,6,6,9,8,9,5,8,6,6,4,7,7,68.47826086956522,0
8,4,6,7,8,10,5,8,8,5,5,7,8,68.47826086956522,0
9,3,6,4,8,10,5,9,9,5,5,8,8,68.26086956521739,0
9,3,6,4,8,10,5,9,9,5,5,8,8,68.26086956521739,0
6,8,7,5,9,8,6,8,7,8,8,7,6,71.95652173913044,1
7,6,6,9,8,9,5,8,6,6,4,7,7,68.47826086956522,0
10,6,9,9,8,9,5,7,5,7,8,3,3,68.47826086956522,0
7,8,8,7,4,6,8,9,7,8,5,10,7,71.30434782608695,1
10,6,9,9,8,9,4,7,5,6,8,3,3,66.95652173913044,0
9,9,9,2,2,4,10,5,9,8,9,4,9,68.91304347826087,0
7,8,4,8,9,8,4,4,6,6,1,5,9,66.52173913043478,0
10,8,7,9,9,9,2,7,5,4,6,4,5,67.82608695652173,0
7,8,4,8,9,8,4,4,6,6,1,5,9,66.52173913043478,0
10,8,8,1,4,3,8,5,8,9,8,3,9,67.6086956521739,0
9,9,7,8,10,8,2,7,5,4,4,5,6,68.47826086956522,0
6,9,8,5,6,6,9,8,8,8,7,9,7,73.04347826086956,1
7,7,5,9,8,9,4,6,6,6,3,6,8,67.6086956521739,0
6,8,7,3,9,8,7,8,7,9,9,8,6,73.26086956521739,1
10,6,9,9,8,9,4,7,5,6,8,3,3,66.95652173913044,0
8,10,7,6,6,8,4,1,2,8,10,9,9,71.95652173913044,1
8,10,6,8,9,5,4,1,6,7,10,8,7,72.60869565217392,1
6,9,7,3,9,8,7,8,7,9,9,7,6,73.69565217391305,1
6,10,8,3,9,8,7,6,5,9,10,8,6,74.34782608695653,1
8,9,5,8,9,6,4,2,6,7,6,6,8,70.0,1
7,8,8,7,8,8,3,9,6,9,2,10,3,69.56521739130434,0
6,8,9,8,8,8,3,9,7,8,2,10,2,68.26086956521739,0
10,10,6,8,9,8,1,6,6,4,6,6,6,70.21739130434783,1
10,8,8,9,9,9,3,7,5,5,6,4,5,70.0,1
9,9,7,8,10,8,2,7,5,5,4,5,6,69.56521739130434,0
10,10,6,8,9,8,1,6,6,4,5,5,6,69.1304347826087,0
7,5,7,10,8,9,5,5,7,7,4,5,8,68.91304347826087,0
9,10,7,9,9,8,2,6,6,4,5,5,7,70.86956521739131,1
7,9,8,2,6,6,8,6,7,9,10,6,7,70.65217391304348,1
10,8,6,1,7,2,6,5,8,9,6,4,9,67.82608695652173,0
7,9,8,4,10,7,6,8,5,10,7,8,5,74.56521739130434,1
8,8,8,6,9,7,4,9,3,9,3,10,3,69.34782608695652,0
7,9,8,2,7,6,8,7,7,9,10,6,6,71.08695652173913,1
7,9,8,2,6,6,8,6,7,9,10,5,7,70.0,1
8,8,4,8,8,7,2,6,7,6,7,8,6,67.82608695652173,0
7,9,8,7,2,5,10,8,9,8,6,9,9,73.26086956521739,1
10,8,5,1,7,1,6,5,8,9,6,4,9,66.52173913043478,0
7,9,8,2,6,6,8,6,7,9,10,5,7,70.0,1
8,7,6,9,9,4,1,2,4,8,9,8,7,67.82608695652173,0
6,6,6,8,8,9,5,8,7,6,6,7,7,68.26086956521739,0
6,8,9,8,8,8,3,9,6,8,2,10,2,67.6086956521739,0
9,8,7,6,10,7,4,9,3,9,4,9,4,71.73913043478261,1
8,8,8,6,9,7,4,9,4,9,3,10,3,70.0,1
10,10,6,8,9,8,1,6,6,4,5,5,6,69.1304347826087,0
9,10,3,7,8,6,1,4,7,6,10,10,6,70.43478260869566,1
8,8,8,6,7,6,6,9,5,9,4,10,5,71.30434782608695,1
7,8,8,4,10,7,6,9,4,10,6,9,4,72.3913043478261,1
9,8,4,2,9,1,5,4,7,8,6,5,9,65.65217391304347,0
9,10,4,8,9,5,2,3,7,6,10,9,6,71.52173913043478,1
7,10,8,4,7,8,5,3,3,9,10,9,8,73.26086956521739,1
8,10,7,9,9,6,3,3,6,6,7,6,7,71.30434782608695,1
9,9,7,7,10,8,3,8,4,6,4,7,5,70.43478260869566,1
7,7,6,8,9,8,4,2,7,7,1,3,10,67.3913043478261,0
9,8,4,3,10,3,4,4,7,7,3,5,10,66.95652173913044,0
9,4,6,4,6,8,7,9,9,5,5,9,8,67.3913043478261,0
8,8,8,6,9,7,4,9,4,9,3,10,3,70.0,1
9,8,7,6,10,7,4,9,3,8,4,8,4,70.0,1
8,8,4,5,10,5,4,4,6,7,2,5,10,67.3913043478261,0
10,8,4,1,8,1,5,5,8,9,5,4,9,66.08695652173913,0
10,9,3,4,9,3,2,5,8,7,7,7,7,68.04347826086956,0
5,8,9,9,7,9,2,9,9,8,1,10,2,67.82608695652173,0
8,7,7,9,9,4,2,1,4,8,9,8,8,69.56521739130434,0
10,8,5,1,8,1,6,5,8,9,6,4,9,67.6086956521739,0
8,9,4,8,10,8,3,4,6,5,1,5,9,68.26086956521739,0
10,8,6,1,7,2,6,5,8,9,6,4,9,67.82608695652173,0
10,8,3,3,9,2,3,5,8,7,6,6,8,66.08695652173913,0
7,8,7,8,3,6,9,8,8,7,5,9,8,70.21739130434783,1
10,10,5,8,9,7,1,6,6,4,7,7,6,70.0,1
7,9,8,9,8,9,2,7,7,5,3,7,4,67.17391304347827,0
7,10,7,6,9,6,6,3,6,8,10,8,7,74.34782608695653,1
9,10,7,9,9,8,2,6,6,4,5,5,7,70.86956521739131,1
9,9,9,1,2,4,10,5,9,8,9,3,9,67.6086956521739,0
7,6,7,9,9,8,5,1,8,8,2,2,10,69.1304347826087,0
8,7,7,7,9,7,5,9,4,8,4,9,5,70.21739130434783,1
7,6,7,10,8,4,1,2,3,8,8,7,8,65.21739130434783,0
8,10,5,6,7,7,2,2,4,7,10,10,8,70.43478260869566,1
6,6,7,10,7,10,4,8,7,6,3,7,6,66.95652173913044,0
7,10,7,6,9,6,6,4,6,8,10,8,7,74.78260869565217,1
9,3,6,3,8,9,5,10,8,5,4,9,7,65.8695652173913,0
9,8,4,3,10,3,4,4,7,7,3,5,10,66.95652173913044,0
9,7,8,6,9,7,5,9,3,9,4,9,3,69.56521739130434,0
6,9,8,2,8,7,8,7,7,9,10,7,6,72.3913043478261,1
9,9,9,1,2,4,10,5,9,8,9,3,9,67.6086956521739,0
9,8,5,8,9,5,1,3,5,7,9,9,6,68.91304347826087,0
7,5,6,10,8,9,5,7,7,6,4,6,8,68.69565217391305,0
8,10,7,9,9,6,3,3,6,6,7,6,7,71.30434782608695,1
8,10,7,6,6,8,4,1,2,8,10,9,9,71.95652173913044,1
5,8,9,9,7,9,2,9,8,8,1,10,2,67.17391304347827,0
6,8,7,3,9,8,7,8,7,8,8,8,6,71.73913043478261,1
10,8,7,1,5,2,7,5,8,9,7,3,9,66.52173913043478,0
9,8,4,8,9,5,1,4,6,6,9,9,6,68.26086956521739,0
8,8,4,7,10,7,4,4,6,6,1,5,10,68.47826086956522,0
10,8,9,1,3,3,9,5,8,9,9,3,9,68.04347826086956,0
10,8,3,1,9,1,4,5,8,8,5,5,9,65.65217391304347,0
6,10,8,3,8,8,6,5,5,9,10,8,7,73.47826086956522,1
7,6,5,9,8,9,4,7,7,6,5,7,7,68.04347826086956,0
8,9,7,9,9,9,2,7,7,5,3,6,5,69.1304347826087,0
7,10,8,5,6,8,4,1,2,9,10,9,9,71.95652173913044,1
8,8,8,6,9,6,5,9,3,9,4,10,4,70.65217391304348,1
6,9,8,6,5,6,9,8,8,8,7,9,7,72.60869565217392,1
8,8,7,9,9,4,3,1,4,8,9,8,8,71.08695652173913,1
8,10,6,8,9,5,4,1,6,7,10,8,7,72.60869565217392,1
7,7,6,8,7,9,4,6,5,6,6,7,8,67.82608695652173,0
9,8,4,1,10,2,5,5,7,9,5,5,9,67.82608695652173,0
8,7,6,9,8,9,3,7,6,5,5,6,7,68.04347826086956,0
7,6,5,9,8,9,4,7,7,6,5,7,7,68.04347826086956,0
5,7,9,9,7,10,2,9,10,7,1,9,2,66.30434782608695,0
9,8,4,4,10,4,4,4,7,7,3,5,10,68.26086956521739,0
9,5,9,9,8,10,5,7,5,7,8,3,3,66.95652173913044,0
7,9,8,4,10,7,6,8,5,10,7,8,5,74.56521739130434,1
7,8,8,9,8,9,2,8,8,6,2,7,4,67.82608695652173,0
10,10,5,8,9,7,1,6,6,4,6,6,6,68.91304347826087,0
8,9,8,9,8,9,2,7,7,5,3,6,5,68.69565217391305,0
7,5,8,10,9,6,3,1,6,9,5,4,9,68.47826086956522,0
8,10,7,7,7,6,4,1,4,8,10,8,8,71.95652173913044,1
9,8,4,8,9,5,1,4,6,6,9,9,6,68.26086956521739,0
10,9,3,4,9,3,2,5,8,7,7,7,7,68.04347826086956,0
8,6,7,5,5,7,8,9,9,6,5,9,8,69.56521739130434,0
9,5,7,4,9,8,5,10,6,7,4,9,5,68.47826086956522,0
9,9,5,8,10,8,2,5,6,4,3,5,8,68.69565217391305,0
9,8,5,3,9,2,5,3,7,8,6,6,9,67.82608695652173,0
9,9,7,9,9,9,2,7,6,4,4,5,6,69.34782608695652,0
9,8,4,8,9,5,1,3,6,7,9,9,6,68.91304347826087,0
8,9,4,8,10,8,3,4,6,5,1,5,9,68.26086956521739,0
7,8,8,7,8,8,3,9,6,9,2,10,3,69.56521739130434,0
8,8,8,7,6,7,3,1,2,9,9,9,9,70.65217391304348,1
8,7,7,6,9,7,5,9,3,9,4,9,4,68.91304347826087,0
8,10,6,8,9,5,4,1,6,7,10,8,7,72.60869565217392,1
9,10,3,8,9,5,1,4,7,6,10,9,6,70.86956521739131,1
8,8,4,8,8,7,2,6,7,6,8,8,6,68.26086956521739,0
8,5,6,5,5,8,7,9,9,6,5,9,8,68.04347826086956,0
7,8,4,8,9,8,4,4,6,6,1,5,9,66.52173913043478,0
7,6,5,9,8,9,4,7,6,6,4,6,8,67.3913043478261,0
8,10,7,8,8,5,4,1,5,8,10,8,8,73.69565217391305,1
7,6,6,9,8,9,5,8,6,6,4,7,7,68.47826086956522,0
9,3,6,4,8,10,5,9,9,5,5,8,8,68.26086956521739,0
9,5,9,8,8,9,6,7,5,8,10,3,2,66.95652173913044,0
9,10,7,9,9,8,2,6,6,4,5,5,7,70.86956521739131,1
7,5,7,9,8,10,5,7,6,6,6,5,6,66.73913043478261,0
9,9,3,8,9,5,1,4,7,6,9,9,6,69.34782608695652,0
10,8,9,1,2,3,9,5,8,9,9,3,9,66.95652173913044,0
8,9,8,5,6,4,7,2,7,8,10,5,8,69.56521739130434,0
9,3,6,3,7,10,5,9,10,5,4,9,7,66.30434782608695,0
9,5,9,8,8,9,6,7,5,8,10,3,2,66.95652173913044,0
9,9,7,9,9,8,1,6,5,4,5,5,7,68.69565217391305,0
9,8,5,4,9,2,5,3,7,8,7,6,9,68.91304347826087,0
6,7,6,8,8,9,5,8,7,7,6,7,7,70.43478260869566,1
8,7,7,6,9,7,5,9,3,9,4,9,4,68.91304347826087,0
8,8,7,9,9,4,3,1,5,8,9,8,8,71.73913043478261,1
8,4,6,6,8,10,5,8,8,5,5,7,8,67.82608695652173,0
8,10,7,7,7,6,4,1,4,8,10,8,8,71.95652173913044,1
6,10,8,3,9,8,7,6,6,9,10,8,6,75.0,1
8,6,7,9,9,4,1,1,3,8,9,8,8,67.3913043478261,0
8,6,7,9,9,4,1,2,3,8,9,8,7,66.73913043478261,0
9,5,9,8,8,9,5,7,4,8,8,5,2,66.30434782608695,0
9,5,9,8,8,9,5,7,4,8,8,4,2,65.65217391304347,0
7,8,8,7,9,7,4,9,4,9,3,10,3,69.56521739130434,0
7,9,8,9,8,9,2,7,7,5,3,7,4,67.17391304347827,0
8,9,4,8,10,8,3,4,6,5,2,5,9,68.69565217391305,0
6,9,7,2,10,6,7,7,7,9,8,7,6,71.95652173913044,1
7,9,7,6,6,9,4,1,2,8,9,9,9,70.0,1
8,7,4,9,8,8,3,6,7,6,7,8,7,69.56521739130434,0
9,9,7,8,10,8,2,7,5,4,4,5,6,68.47826086956522,0
9,9,6,8,10,8,2,6,6,4,3,5,7,68.69565217391305,0
8,8,7,9,9,4,3,1,4,8,9,8,8,71.08695652173913,1
7,10,8,4,7,8,5,3,3,9,10,9,8,73.26086956521739,1
6,8,9,8,8,8,3,9,6,8,2,10,2,67.6086956521739,0
8,8,8,7,7,6,2,1,2,9,9,9,9,70.65217391304348,1
9,10,5,7,7,7,2,3,5,7,10,10,7,72.17391304347827,1
9,9,6,9,9,9,2,7,6,4,5,5,7,70.21739130434783,1
7,8,4,8,9,8,4,5,6,6,2,5,9,67.3913043478261,0
9,9,9,1,2,4,9,5,8,9,10,3,8,66.95652173913044,0
9,8,4,2,9,1,5,4,7,8,5,5,9,65.21739130434783,0
5,8,9,9,7,9,2,8,9,7,1,9,2,65.65217391304347,0
9,3,6,3,8,9,6,9,9,5,5,8,7,66.30434782608695,0
6,9,8,5,6,7,8,8,7,9,8,8,7,73.47826086956522,1
9,8,4,8,9,5,1,3,6,7,9,9,6,68.91304347826087,0
9,10,7,9,9,8,2,5,6,4,6,5,7,70.86956521739131,1
6,10,7,3,9,7,7,7,6,9,10,8,6,74.1304347826087,1
9,9,6,9,9,9,2,7,6,4,5,5,7,70.21739130434783,1
7,6,6,10,8,8,3,6,5,6,6,7,8,68.04347826086956,0
7,8,7,7,6,9,4,3,4,7,7,8,9,69.1304347826087,0
6,10,8,3,9,8,7,7,6,9,10,8,6,75.43478260869566,1
7,9,7,9,9,5,5,1,6,8,9,7,8,73.26086956521739,1
9,7,8,6,9,7,5,9,3,9,5,8,3,69.34782608695652,0
9,4,6,4,8,8,5,10,7,6,4,9,6,66.30434782608695,0
7,6,6,9,8,9,5,8,6,6,4,7,7,68.47826086956522,0
8,7,7,9,9,4,2,1,3,8,9,8,8,68.91304347826087,0
6,10,8,3,9,8,7,7,6,9,10,8,6,75.43478260869566,1
10,9,3,6,9,4,1,5,8,6,8,8,6,68.47826086956522,0
8,9,7,9,8,5,5,2,5,8,10,7,6,71.30434782608695,1
7,7,7,6,4,6,9,9,9,7,5,9,8,70.0,1
8,8,4,6,10,6,4,4,6,6,1,5,10,67.17391304347827,0
7,5,8,10,9,4,1,1,4,9,7,6,8,66.08695652173913,0
8,9,4,8,10,8,3,4,6,5,1,5,9,68.26086956521739,0
7,6,8,9,9,8,5,2,8,8,3,2,9,69.56521739130434,0
8,7,6,9,8,9,3,7,6,5,5,6,7,68.04347826086956,0
8,8,8,6,9,7,4,9,3,9,3,10,3,69.34782608695652,0
9,5,9,8,8,9,5,7,4,8,8,5,2,66.30434782608695,0
8,10,5,8,9,5,3,2,6,7,10,8,7,71.95652173913044,1
7,7,6,8,7,9,4,5,5,6,6,7,8,67.3913043478261,0
9,8,7,7,10,7,3,8,4,7,4,7,5,69.78260869565217,0
9,7,8,6,9,7,5,9,3,9,5,7,3,68.69565217391305,0
10,9,7,9,9,9,2,7,5,4,5,4,6,69.56521739130434,0
8,7,8,8,7,5,2,1,2,9,9,8,8,67.82608695652173,0
9,9,7,7,10,8,3,8,4,6,4,7,5,70.43478260869566,1
9,8,7,7,10,7,3,8,4,7,4,7,5,69.78260869565217,0
9,8,7,9,9,6,1,4,4,6,6,6,7,68.04347826086956,0
10,10,4,8,9,7,1,5,7,5,8,8,6,71.73913043478261,1
6,10,7,5,9,6,6,5,6,9,10,8,6,73.47826086956522,1
9,8,7,7,10,7,3,8,4,7,4,7,5,69.78260869565217,0
7,5,8,9,9,8,5,1,8,9,3,2,9,69.1304347826087,0
9,9,3,8,8,6,1,5,7,6,8,9,6,68.91304347826087,0
9,6,9,7,8,8,5,8,4,8,7,6,2,66.73913043478261,0
8,5,6,5,5,8,7,9,9,6,5,9,8,68.04347826086956,0
9,8,4,8,9,5,1,4,6,6,9,9,6,68.26086956521739,0
9,5,9,8,8,9,5,7,4,8,8,4,2,65.65217391304347,0
8,9,8,4,4,7,5,2,4,9,10,7,9,69.34782608695652,0
10,10,6,8,9,8,1,6,6,4,5,5,6,69.1304347826087,0
7,5,6,9,8,10,5,8,7,5,5,7,8,69.1304347826087,0
8,7,8,8,7,6,2,1,2,9,9,8,8,68.47826086956522,0
8,10,6,6,6,8,3,2,3,8,10,10,8,71.52173913043478,1
6,10,7,5,9,6,6,5,6,9,10,8,6,73.47826086956522,1
10,10,6,8,9,8,1,6,6,4,5,5,6,69.1304347826087,0
8,8,4,6,10,6,4,4,6,6,1,5,10,67.17391304347827,0
7,8,7,9,9,5,5,1,6,8,7,6,8,70.65217391304348,1
8,7,7,6,9,7,5,9,3,9,4,9,4,68.91304347826087,0
10,8,4,1,8,1,5,5,8,9,5,4,9,66.08695652173913,0
9,8,4,2,9,1,5,4,7,8,6,5,9,65.65217391304347,0
9,7,8,6,9,7,5,9,3,9,5,7,3,68.69565217391305,0
10,8,6,1,6,2,7,5,8,9,7,4,9,67.6086956521739,0
9,9,7,8,10,8,2,7,5,5,4,6,6,70.21739130434783,1
9,10,3,7,8,6,1,4,7,6,10,10,6,70.43478260869566,1
10,7,8,9,9,9,3,7,5,5,7,4,4,68.26086956521739,0
8,10,6,6,7,7,2,2,4,7,10,10,8,71.08695652173913,1
8,6,6,3,8,9,6,9,8,7,7,8,7,70.86956521739131,1
7,5,7,10,8,9,5,5,7,7,4,5,8,68.91304347826087,0
8,9,8,4,2,5,10,7,9,8,7,6,9,70.43478260869566,1
9,9,7,7,10,8,3,8,4,6,4,7,5,70.43478260869566,1
8,9,9,4,2,4,10,6,9,8,8,6,9,70.43478260869566,1
5,8,9,9,5,8,5,9,9,8,3,10,4,69.34782608695652,0
9,9,4,8,9,5,1,4,6,6,9,9,6,69.34782608695652,0
9,9,9,1,2,4,10,5,9,8,9,3,9,67.6086956521739,0
8,8,4,5,10,5,4,4,6,7,2,5,10,67.3913043478261,0
8,5,7,9,8,10,5,7,6,6,7,5,5,67.17391304347827,0
7,8,8,4,9,8,7,7,6,9,10,6,4,71.52173913043478,1
9,6,8,7,9,8,5,8,3,9,6,7,3,68.91304347826087,0
8,10,7,9,9,5,4,2,6,7,9,7,7,73.26086956521739,1
8,6,8,9,8,4,1,1,2,9,9,8,8,67.3913043478261,0
9,9,5,8,10,8,2,5,6,4,3,5,8,68.69565217391305,0
8,9,4,8,10,8,3,4,6,5,1,5,9,68.26086956521739,0
8,7,6,9,8,9,3,7,6,5,5,6,7,68.04347826086956,0
9,8,4,3,10,3,4,4,7,8,3,5,10,68.04347826086956,0
8,10,5,8,9,5,3,2,6,7,10,8,7,71.95652173913044,1
7,6,6,9,8,9,5,8,6,6,4,7,7,68.47826086956522,0
7,6,6,9,7,9,5,8,7,6,5,7,8,69.56521739130434,0
7,8,4,8,9,8,4,3,6,6,1,4,10,66.52173913043478,0
9,10,7,9,9,7,2,5,6,5,6,5,7,71.30434782608695,1
8,8,8,7,6,7,3,1,2,9,9,9,9,70.65217391304348,1
10,7,8,9,9,9,3,7,5,5,7,4,4,68.26086956521739,0
9,10,7,9,9,8,2,6,6,4,5,5,7,70.86956521739131,1
9,9,6,8,10,8,2,6,6,4,4,5,7,69.1304347826087,0
8,8,4,6,10,6,4,4,6,6,1,5,10,67.17391304347827,0
8,6,7,9,9,4,1,2,3,8,9,8,7,66.73913043478261,0
9,10,7,9,9,7,3,4,6,5,6,6,7,71.95652173913044,1
8,9,7,9,9,9,2,7,6,4,4,6,5,67.82608695652173,0
8,10,6,6,7,7,2,2,4,7,10,10,8,71.08695652173913,1
10,3,6,3,8,9,5,9,9,4,5,8,7,65.8695652173913,0
9,10,7,9,9,8,2,6,6,4,5,5,7,70.86956521739131,1
5,8,9,9,6,9,2,9,9,8,1,10,2,66.73913043478261,0
10,10,6,8,9,8,1,6,6,4,5,5,6,69.1304347826087,0
10,9,6,8,9,9,2,7,6,4,5,5,7,70.65217391304348,1
10,8,4,1,9,1,5,5,8,9,5,4,9,67.17391304347827,0
9,8,7,6,10,7,4,9,3,8,4,8,4,70.0,1
9,9,9,2,2,4,10,5,9,8,9,4,9,68.91304347826087,0
9,10,7,9,9,8,2,5,6,4,5,5,7,70.43478260869566,1
8,9,7,7,7,4,5,1,6,8,10,7,8,70.65217391304348,1
9,8,4,3,10,3,4,4,7,8,3,5,10,68.04347826086956,0
7,10,8,5,7,8,5,3,3,9,10,9,8,73.91304347826086,1
8,8,4,6,10,6,4,4,6,6,1,5,10,67.17391304347827,0
7,9,8,2,6,6,8,6,7,9,10,6,7,70.65217391304348,1
6,8,9,8,8,8,3,9,7,8,2,10,2,68.26086956521739,0
6,10,8,3,8,8,6,6,5,9,10,8,7,73.91304347826086,1
7,5,8,10,8,8,5,2,8,9,3,3,9,69.78260869565217,0
7,6,6,10,8,8,4,6,6,6,5,7,8,68.69565217391305,0
8,4,7,5,7,10,4,9,10,6,3,9,5,66.30434782608695,0
5,8,9,9,7,9,2,8,9,7,1,9,2,65.65217391304347,0
7,8,8,9,8,9,2,8,8,6,2,7,4,67.82608695652173,0
7,5,6,9,8,10,5,7,6,6,5,6,7,67.3913043478261,0
8,10,6,8,9,5,4,1,6,7,10,8,7,72.60869565217392,1
6,9,8,5,6,7,8,8,7,9,8,8,7,73.47826086956522,1
7,5,7,10,8,8,5,4,8,8,3,4,9,69.56521739130434,0
8,9,4,8,10,8,3,4,6,5,1,5,9,68.26086956521739,0
8,7,8,9,8,7,5,3,5,8,10,5,5,69.1304347826087,0
5,8,9,9,7,9,2,8,9,7,1,9,2,65.65217391304347,0
6,10,7,3,9,7,7,7,6,9,10,8,6,74.1304347826087,1
7,9,8,6,2,5,10,8,9,8,6,8,9,71.95652173913044,1
6,9,8,5,5,6,9,8,8,8,7,9,7,71.95652173913044,1
6,9,7,4,9,8,7,8,7,9,9,7,6,74.34782608695653,1
7,6,6,9,7,9,5,8,7,6,5,7,8,69.56521739130434,0
7,6,8,9,9,7,5,1,8,9,5,3,9,71.08695652173913,1
7,5,6,10,8,9,5,6,7,6,4,5,8,67.6086956521739,0
8,7,7,9,9,4,2,1,3,8,9,8,8,68.91304347826087,0
9,9,9,1,3,4,9,5,8,9,10,4,8,68.69565217391305,0
6,6,9,8,7,10,2,9,10,7,1,9,3,66.73913043478261,0
8,6,7,5,5,7,8,9,9,6,5,9,8,69.56521739130434,0
9,9,6,9,9,9,2,7,6,4,5,5,7,70.21739130434783,1
8,9,8,4,2,5,10,7,9,8,7,6,9,70.43478260869566,1
6,8,8,8,4,7,6,9,9,8,3,10,5,68.91304347826087,0
9,7,7,5,9,7,5,10,3,9,4,9,4,69.78260869565217,0
10,10,4,8,9,7,1,5,7,5,7,7,6,70.65217391304348,1
9,8,7,6,10,7,4,9,3,8,4,9,4,70.65217391304348,1
7,8,8,7,5,6,8,9,7,8,5,10,7,72.3913043478261,1
7,6,6,9,6,8,6,8,7,6,5,7,8,68.26086956521739,0
8,8,7,9,9,4,3,1,4,8,9,8,8,71.08695652173913,1
8,10,7,7,7,7,4,1,3,8,10,9,9,73.69565217391305,1
8,6,7,9,9,4,1,1,3,8,9,8,8,67.3913043478261,0
10,5,6,5,8,9,4,8,8,4,5,7,7,67.17391304347827,0
8,6,7,5,5,7,8,9,9,6,5,9,8,69.56521739130434,0
6,10,8,4,8,8,6,5,5,9,10,8,7,74.1304347826087,1
8,6,9,6,8,9,6,7,5,8,10,4,3,67.3913043478261,0
9,9,7,9,9,8,1,6,5,4,5,5,7,68.69565217391305,0
6,8,7,4,9,8,6,8,7,8,8,7,6,71.74700018110707,1
8,10,6,6,6,7,2,2,3,7,10,10,8,71.41652921627771,1
6,10,7,3,9,7,7,7,6,9,10,8,6,74.90538028450572,1
10,6,9,9,8,9,4,7,5,6,8,3,3,70.0,1
8,8,7,6,9,7,4,9,3,8,3,9,3,70.0,1
6,10,7,5,9,6,6,4,6,8,10,8,6,73.88350069239402,1
9,10,3,7,8,5,1,3,7,6,10,9,6,70.88311039460116,1
9,9,6,8,9,9,2,7,6,4,5,5,7,70.34211330809786,1
8,9,8,5,5,7,3,1,2,9,9,9,9,71.0635241305469,1
6,8,7,2,9,6,7,7,7,9,9,7,6,72.75435260462363,1
8,9,8,4,2,5,10,7,9,8,7,6,9,70.43478260869566,1
8,9,8,6,6,7,3,1,2,9,9,9,9,71.35526531753408,1
8,10,7,7,7,6,4,1,4,8,10,8,8,71.95652173913044,1
7,9,8,5,2,5,10,7,9,8,6,7,9,71.24256421671572,1
6,7,7,4,9,8,6,8,7,8,8,7,6,71.94000485669831,1
8,10,7,8,8,5,4,1,4,8,10,8,8,73.69565217391305,1
9,10,7,9,9,8,2,5,6,4,5,5,7,70.50564547285269,1
7,8,8,7,4,6,8,9,7,8,5,10,7,71.92618856200706,1
9,8,6,9,9,9,2,7,5,4,5,4,6,70.153752997947,1
6,10,7,3,9,7,7,6,6,9,10,8,6,74.95223976914673,1
7,7,7,7,3,6,9,8,8,7,5,9,8,70.1268430789371,1
7,10,7,5,6,8,4,1,2,8,10,9,9,71.95652173913044,1
9,9,6,9,9,9,2,7,6,4,5,5,7,70.21739130434783,1
7,10,8,4,7,8,5,3,3,9,10,9,8,73.85450835769372,1
9,10,3,7,8,5,1,4,7,6,10,9,6,70.69806491204075,1
8,9,4,8,9,8,3,4,6,5,1,5,9,70.86956521739131,1
8,10,7,8,8,5,4,1,5,8,10,8,8,74.86106524233035,1
7,5,6,5,5,7,8,9,9,6,5,9,8,70.28229435404641,1
6,8,7,3,9,8,7,8,7,9,9,7,6,74.12370209595537,1
6,10,7,5,9,6,6,4,6,8,10,8,6,74.58234698341516,1
6,8,7,3,9,8,7,8,7,8,8,8,6,72.13797653138973,1
9,10,7,9,9,8,2,6,6,4,5,5,7,70.86956521739131,1
6,8,8,7,4,6,7,9,8,8,4,10,6,71.0280870492247,1
9,10,7,9,9,8,2,6,6,4,5,5,7,70.86956521739131,1
7,8,7,7,3,6,9,8,8,7,5,9,8,70.52639862129048,1
6,7,7,3,9,8,6,8,7,8,8,7,6,71.7902652832293,1
8,8,8,6,6,7,3,1,2,9,9,9,9,70.85533799311555,1
8,8,7,9,9,4,3,1,4,8,9,8,8,71.08695652173913,1
8,9,8,2,2,4,10,6,9,8,8,4,9,70.64722128098617,1
7,9,7,6,6,7,3,1,2,8,9,9,9,70.90070945887139,1
8,8,7,9,9,4,3,1,4,8,9,8,8,71.71325089943724,1
8,9,6,8,8,5,4,1,5,7,10,7,6,71.31786264260577,1
7,9,8,2,7,6,8,7,7,9,10,6,6,71.08695652173913,1
7,8,8,4,10,7,5,9,3,10,5,9,4,72.29929607248891,1
7,10,6,8,9,5,4,1,6,7,10,8,7,72.80590085612812,1
6,10,7,3,9,7,7,7,6,9,10,8,6,74.1304347826087,1
7,9,8,2,6,6,8,6,7,9,10,5,7,70.46552455260499,1
9,9,6,9,9,9,2,7,6,4,5,5,7,70.21739130434783,1
7,10,7,8,8,5,4,1,5,8,10,8,7,73.69565217391305,1
8,10,6,8,9,5,4,1,6,7,10,8,7,72.60869565217392,1
7,8,7,8,3,6,8,8,8,7,5,9,8,71.03112362145116,1
8,8,8,6,6,6,2,1,2,9,9,9,9,70.91923490466945,1
8,10,5,6,7,7,2,2,4,7,10,10,7,71.23290108389877,1
7,7,7,7,4,6,8,8,8,7,5,9,8,71.32414263474631,1
7,7,7,3,9,8,7,8,7,7,7,8,6,70.89954490545475,1
7,10,8,4,7,8,5,3,3,9,10,9,8,73.92580681128807,1
6,7,7,4,9,8,6,8,7,8,7,7,6,71.98877951835354,1
6,9,8,6,4,6,9,8,8,8,7,9,7,72.60869565217392,1
8,10,6,8,9,5,4,1,6,7,10,8,7,72.60869565217392,1
7,8,7,7,3,6,9,8,8,7,5,9,8,70.32913805312609,1
8,10,5,8,9,5,3,2,6,7,10,8,7,71.95652173913044,1
6,8,7,4,9,8,7,8,7,8,8,7,6,73.33758736285864,1
8,10,7,9,9,6,3,3,6,5,6,6,7,71.48434113125866,1
6,9,8,5,5,6,9,8,8,8,7,9,7,72.90747439796864,1
9,8,7,6,10,7,4,9,3,9,4,9,4,73.35460463597819,1
7,9,8,2,6,6,8,6,7,9,10,6,6,70.66889683189511,1
7,10,7,6,9,5,5,3,6,8,10,8,7,74.61021521163315,1
8,10,6,8,9,5,4,1,6,7,10,8,7,72.60869565217392,1
7,8,7,7,4,6,8,8,7,7,5,9,7,71.51778613162142,1
9,10,7,9,9,8,2,5,6,4,5,5,7,70.62466305459039,1
9,8,7,6,10,7,3,8,3,7,4,7,4,70.1768842826395,1
7,8,7,7,4,6,8,8,7,7,5,9,7,71.88294536719816,1
6,9,8,5,6,6,8,8,7,8,7,8,7,73.43374497934613,1
7,9,8,2,6,6,8,6,7,9,10,5,7,70.28491268649891,1
6,9,8,5,6,6,8,8,7,8,7,8,7,73.09828778631224,1
6,10,7,3,9,7,7,7,6,9,10,8,6,74.1304347826087,1
7,9,8,2,6,6,8,6,7,9,10,5,7,70.27317449467921,1
7,8,8,4,10,7,6,8,4,10,6,8,4,74.3129862722518,1
6,7,6,4,8,8,6,8,7,7,7,7,6,71.5810037378458,1
8,8,5,1,10,2,5,5,7,9,6,5,8,70.71230214202778,1
7,9,7,6,6,8,3,1,2,8,9,9,9,70.97662172685378,1
8,10,6,6,6,8,3,2,3,8,10,10,8,71.52173913043478,1
8,8,8,5,9,6,5,9,3,9,4,9,4,71.73465597363575,1
6,9,8,2,8,7,8,7,7,9,10,7,6,72.39448766300576,1
8,10,6,8,9,5,4,1,6,7,9,7,7,72.77174660095059,1
8,10,7,8,8,5,4,1,4,8,10,8,8,73.69565217391305,1
9,10,7,9,9,8,2,6,6,4,5,5,7,70.86956521739131,1
9,10,3,8,9,5,1,4,7,5,9,8,6,71.29902200901127,1
8,9,8,3,2,4,10,6,9,8,7,5,9,70.43859613024173,1
7,10,7,6,9,6,6,3,6,8,10,8,7,74.64313764977115,1
7,9,8,2,6,6,8,6,7,9,10,5,7,70.0,1
7,9,8,6,2,5,10,8,9,8,6,8,9,72.11777453676791,1
6,8,7,3,9,8,7,8,7,8,8,7,6,72.1197108955763,1
9,10,7,9,9,8,2,6,6,4,5,5,7,70.86956521739131,1
8,8,7,9,9,4,3,1,4,8,9,8,8,71.08695652173913,1
7,9,8,2,6,6,8,6,7,9,10,5,6,70.21704042950265,1
8,10,5,8,9,5,3,1,6,7,10,8,7,72.30215298086162,1
9,10,7,9,9,8,2,5,6,4,5,5,7,70.72151880041017,1
6,10,7,3,9,7,7,7,6,9,10,8,6,74.1304347826087,1
6,9,7,3,9,8,7,8,7,9,9,7,6,78.36555349901008,1
9,8,7,9,9,9,2,7,5,4,5,4,5,70.06358502430132,1
8,8,8,6,6,6,2,1,2,9,9,9,9,71.01179160968843,1
8,8,8,5,9,6,5,9,3,9,4,9,4,71.99895517932305,1
8,10,6,8,9,5,4,1,6,7,10,8,7,72.60869565217392,1
8,10,7,6,6,8,3,1,2,8,10,9,9,72.14911849957117,1
8,10,7,8,8,5,4,1,4,8,10,8,8,73.69565217391305,1
7,8,7,7,3,6,9,8,8,7,5,9,8,70.49241413683278,1
7,10,7,5,6,8,4,1,2,8,10,9,9,71.95652173913044,1
8,7,7,6,9,6,5,9,3,8,4,9,4,70.48645908509924,1
7,8,6,8,9,5,4,1,6,7,7,6,8,70.98129914008852,1
8,10,7,8,8,5,4,1,5,8,10,8,8,75.0719883842314,1
8,9,6,8,9,8,2,5,6,4,4,5,7,70.86956521739131,1
7,10,8,4,6,8,4,1,2,9,10,9,8,72.5296650337545,1
8,9,8,6,6,7,3,1,2,9,9,9,9,71.08695652173913,1
8,10,7,7,7,6,4,1,4,8,10,8,8,72.1001225079397,1
7,8,5,1,10,4,6,6,7,9,7,6,7,71.00565231897416,1
6,10,7,3,9,7,7,7,6,9,10,8,6,74.1304347826087,1
8,10,7,9,9,6,2,3,6,5,6,5,7,71.30434782608695,1
7,9,8,2,6,6,8,6,7,9,10,5,7,70.59449255665074,1
9,10,7,9,9,8,2,5,6,4,5,5,7,70.54163617276616,1
7,7,6,9,8,9,3,7,6,5,5,6,7,71.32536612111701,1
7,8,8,4,10,7,5,9,3,10,5,9,4,72.31528796467492,1
7,5,8,9,9,7,5,1,8,9,3,2,9,73.67375607383596,1
8,9,6,7,8,4,4,1,6,7,10,7,7,71.80175999583179,1
9,10,3,7,8,5,1,3,7,6,10,9,6,71.16009229059851,1
8,8,8,6,9,7,4,9,4,9,3,10,3,70.0,1
6,10,7,3,9,7,7,7,6,9,10,8,6,74.1304347826087,1
7,10,8,4,7,8,5,4,4,9,10,9,8,74.34782608695653,1
7,7,7,6,3,6,9,9,9,7,5,9,8,70.57354659705402,1
8,9,8,5,5,8,3,1,2,9,9,9,9,71.59452596849145,1
9,8,6,9,9,9,2,7,5,4,5,4,6,70.21662672755559,1
7,10,7,6,9,6,6,4,6,8,10,8,7,74.78260869565217,1
8,7,6,9,8,9,3,7,6,4,5,5,7,70.88973901864772,1
7,10,8,4,7,8,5,3,3,9,10,9,8,74.3442564052332,1
8,10,7,8,8,5,4,1,4,8,10,8,8,73.69565217391305,1
9,10,7,9,9,8,2,5,6,4,5,5,7,70.86956521739131,1
9,10,7,9,9,8,2,5,6,4,5,5,7,70.84594056785801,1
6,9,8,5,5,6,9,8,8,8,7,9,7,71.96162889380471,1
9,10,3,7,8,5,1,4,7,6,10,9,6,70.68978182265583,1
9,8,7,6,10,7,4,9,3,8,4,8,4,70.0,1
8,10,7,9,9,6,3,3,6,6,7,6,7,71.30434782608695,1
9,9,6,8,9,9,2,7,6,4,5,5,7,70.36800498881693,1
8,10,6,8,9,5,4,1,6,7,10,8,7,72.60869565217392,1
9,8,6,9,9,9,2,7,5,4,5,4,6,70.19676804983874,1
6,9,8,5,4,6,9,8,8,8,7,9,7,72.25652251960904,1
7,9,8,2,6,6,8,6,7,9,10,5,6,70.10806329023215,1
9,10,7,9,9,8,2,5,6,4,5,5,7,70.86956521739131,1
7,10,7,8,8,5,4,1,5,8,10,8,7,73.69565217391305,1
8,9,4,8,9,8,3,4,6,5,1,5,9,70.86956521739131,1
9,10,7,9,9,8,2,5,6,4,5,5,7,70.86956521739131,1
6,9,8,2,8,7,7,7,6,9,10,7,5,72.527538299583,1
7,9,7,6,6,8,4,1,2,8,9,9,9,70.4250648800237,1
9,9,6,9,9,9,2,7,6,4,5,5,7,70.21739130434783,1
6,10,8,4,7,8,5,4,4,9,10,8,7,74.3369856340387,1
8,9,6,8,9,6,3,2,6,6,6,6,7,71.12504305406401,1
8,10,7,7,7,5,4,1,4,8,10,8,8,72.11785252594369,1
6,10,7,5,9,6,6,4,6,8,10,8,6,73.51772479219805,1
6,9,7,2,9,7,7,7,7,9,9,7,6,73.50737779040604,1
6,9,7,2,10,6,7,7,7,9,8,7,6,72.16231034111401,1
9,8,7,6,10,7,3,8,3,7,4,7,4,70.15241522874874,1
8,10,7,7,7,6,4,1,4,8,10,8,8,72.29551793642659,1
7,9,8,5,2,4,10,7,9,8,6,7,9,71.29960369174819,1
9,10,3,7,8,5,1,4,7,6,10,9,6,70.73296665664068,1
6,7,7,3,9,8,6,8,7,7,7,7,6,70.95070562968654,1
10,10,5,8,9,7,1,6,6,4,6,6,6,70.06463489061571,1
7,8,7,7,3,6,8,8,7,7,5,9,7,70.65559755582392,1
6,7,7,3,9,8,7,8,7,7,7,8,6,70.97504543125171,1
8,10,7,7,7,6,4,1,4,8,10,8,8,72.56345183779547,1
6,10,8,3,8,8,6,5,5,9,10,8,7,73.71948214159205,1
7,7,8,4,8,8,6,7,5,8,10,5,3,71.2932519018749,1
9,9,6,9,9,9,2,7,6,4,5,5,7,70.21739130434783,1
7,10,7,5,6,8,4,1,2,8,10,9,9,71.95652173913044,1
7,9,8,5,5,8,4,1,2,9,10,9,9,71.85116560604997,1
9,9,9,2,2,4,10,5,9,8,8,4,9,70.71534014707025,1
8,9,4,8,9,6,4,2,6,6,3,5,8,70.35947411707816,1
9,8,7,6,10,7,4,9,3,8,4,8,4,70.33440533087122,1
8,9,4,8,9,6,4,2,6,6,5,5,8,70.02558846597503,1
7,9,8,2,6,6,8,6,7,9,10,5,6,70.4134604931998,1
8,10,6,6,6,7,2,2,3,7,10,10,8,71.16459136718585,1
8,10,5,6,7,7,2,2,4,7,10,10,8,70.9001740275608,1
8,10,7,6,6,8,3,1,2,8,10,9,9,71.97437084892802,1
8,10,5,8,9,5,3,2,6,7,10,8,7,71.95652173913044,1
8,7,7,6,9,6,5,9,3,8,4,9,4,70.24939422045954,1
9,9,6,8,9,9,2,7,6,4,5,5,7,70.35773747912634,1
9,10,3,7,8,5,1,4,7,6,10,9,6,70.56201204985291,1
8,10,5,8,9,5,3,2,6,7,10,8,7,71.95652173913044,1
7,10,8,4,7,8,5,3,3,9,10,9,8,73.43631537611715,1
7,8,8,4,10,7,6,9,4,10,6,9,4,72.3913043478261,1
6,9,8,2,8,7,8,7,7,9,10,7,6,72.69513182277822,1
9,8,7,6,10,7,4,9,3,8,4,8,4,70.57485060665516,1
8,10,5,8,9,5,3,1,6,7,10,8,7,72.53113541425975,1
6,10,8,3,9,8,7,6,5,9,10,8,6,74.40831394788039,1
6,8,7,5,9,8,6,8,7,8,7,7,6,72.117591693073,1
8,9,6,8,9,5,4,1,6,7,9,7,7,72.16495745079378,1
9,9,7,7,10,8,2,7,4,5,4,6,5,70.36540818167016,1
10,10,6,8,9,8,1,6,6,4,6,6,6,70.21739130434783,1
6,10,8,3,8,8,6,5,5,9,10,8,7,73.62964923819315,1
6,9,8,5,6,6,8,8,7,8,7,8,7,73.1022831402389,1
6,9,8,4,6,7,8,8,7,9,8,8,6,73.17897851748829,1
7,10,8,4,7,8,5,3,3,9,10,9,8,73.71042118757187,1
8,9,7,6,6,8,3,1,2,8,9,9,9,71.79159571605597,1
9,9,6,8,9,9,2,7,6,4,5,5,7,70.26657357176786,1
6,10,8,3,8,8,6,5,5,9,10,8,7,73.61631239707104,1
7,7,7,3,9,8,7,8,7,7,7,8,6,70.92855856356942,1
8,10,5,8,9,5,3,1,6,7,10,8,7,72.50858373405889,1
8,10,7,8,8,5,4,1,5,8,10,8,8,76.2006945433434,1
9,10,3,7,8,5,1,3,7,6,10,9,6,70.84926164203536,1
6,9,8,4,6,7,8,8,7,9,8,8,6,73.20874850912557,1
8,10,7,9,9,6,3,3,6,5,6,6,7,71.68916876758246,1
8,10,5,6,7,7,2,2,4,7,10,10,7,71.91000100092461,1
7,9,8,2,7,6,8,7,7,9,10,6,6,71.08695652173913,1
8,10,6,6,6,7,2,2,3,7,10,10,8,71.34508970450818,1
7,9,7,9,8,5,5,1,5,8,9,7,7,72.46095137441623,1
8,10,7,7,7,5,4,1,4,8,10,8,8,72.70447270858521,1
7,8,7,9,8,5,5,1,5,8,7,6,7,71.07650426863992,1
6,9,8,4,6,7,8,8,7,9,8,8,6,73.01216958068248,1
9,9,6,9,9,9,2,7,6,4,5,5,7,70.21739130434783,1
7,10,7,6,9,5,5,3,6,8,10,8,7,74.1471628749007,1
8,10,6,6,6,8,3,2,3,8,10,10,8,71.52173913043478,1
9,10,7,9,9,8,2,6,6,4,5,5,7,70.86956521739131,1
6,10,7,3,9,7,7,6,6,9,10,8,6,74.84469441828966,1
7,6,7,9,9,6,5,1,7,8,5,3,8,71.05942228839021,1
8,8,7,6,9,7,4,9,3,9,3,9,3,71.06020315930317,1
9,9,6,8,9,9,2,7,6,4,5,5,7,70.51481707785199,1
8,10,6,6,7,7,2,2,4,7,10,10,8,71.08695652173913,1
6,9,7,4,9,7,6,8,6,9,8,7,5,74.4249094538441,1
6,8,8,7,4,6,7,9,7,8,4,10,6,71.24635516134136,1
6,9,8,4,6,7,8,8,7,9,8,8,6,73.16115247323977,1
6,6,6,8,8,9,5,8,7,6,5,7,7,71.01601388694189,1
9,10,3,7,8,5,1,3,7,6,10,9,6,70.58117850579508,1
7,10,8,4,7,8,5,3,3,9,10,9,8,73.5526299944281,1
7,8,7,8,3,6,9,8,8,7,5,9,8,70.21739130434783,1
6,10,8,3,8,8,6,6,5,9,10,8,6,73.92090168144792,1
6,9,7,4,7,7,7,8,7,9,8,7,6,73.2092659075717,1
6,8,7,3,9,8,7,8,7,9,9,7,6,73.57767582948233,1
8,10,6,8,9,5,4,1,6,7,9,7,7,72.9817615071851,1
6,9,7,2,10,6,7,7,7,9,8,7,6,72.37200458590785,1
7,8,5,1,10,4,6,6,7,9,7,6,7,70.23891948594024,1
7,9,7,6,6,8,3,1,2,8,9,9,9,71.55432552008197,1
7,10,7,6,9,6,6,3,6,8,10,8,7,74.38294509224806,1
8,8,8,7,6,7,3,1,2,9,9,9,9,70.65217391304348,1
8,10,7,8,8,5,4,1,4,8,10,8,8,73.69565217391305,1
6,9,7,4,9,7,6,8,6,9,7,7,5,74.1373463130033,1
7,9,6,8,9,5,4,1,6,7,9,7,8,71.89253106802894,1
8,10,6,6,6,7,2,2,3,7,10,10,8,71.26504917382415,1
7,9,8,2,6,6,8,6,7,9,10,5,7,70.0,1
7,10,8,5,6,8,4,1,2,9,10,9,9,75.25503978775662,1
8,8,8,6,6,7,3,1,2,9,9,9,9,70.69117880618558,1
7,9,8,2,6,6,8,6,7,9,10,5,7,70.20331114869667,1
6,8,8,3,8,7,7,7,6,9,10,6,4,71.72330438095526,1
9,9,7,7,10,8,2,7,4,5,4,6,5,70.41607004714335,1
7,8,8,4,10,7,5,9,3,10,5,9,4,72.8843584515975,1
8,10,6,8,9,5,4,1,6,7,10,8,7,72.60869565217392,1
8,8,8,6,6,7,3,1,2,9,9,9,9,70.70400930494317,1
6,9,7,4,9,8,7,8,7,9,8,7,6,73.9403169495231,1
7,10,8,4,7,8,5,3,3,9,10,9,8,74.01706764581425,1
6,10,7,5,9,6,6,4,6,8,10,8,6,74.24222026257021,1
8,10,7,8,8,6,4,1,4,8,10,8,8,73.69565217391305,1
7,10,7,8,8,5,4,1,5,8,10,8,7,73.69565217391305,1
7,9,7,9,8,5,5,1,5,8,9,7,7,72.48778362653276,1
8,10,7,8,8,5,4,1,5,8,10,8,8,73.69565217391305,1
8,10,6,8,9,5,4,1,6,7,10,8,7,72.60869565217392,1
6,9,8,5,5,6,9,8,8,8,7,9,7,72.76638133783591,1
8,9,7,7,7,4,5,1,6,8,10,7,8,70.96937377495128,1
7,8,8,4,10,7,5,9,3,10,4,9,4,72.24595714307146,1
8,8,8,6,9,7,4,9,4,9,3,10,3,70.0,1
9,10,7,9,9,7,2,4,6,5,6,5,7,71.64202233106779,1
8,10,6,6,6,8,3,2,3,8,10,10,8,71.52173913043478,1
6,7,7,3,9,8,7,8,7,7,7,8,6,71.49268587172436,1
6,9,7,4,9,8,7,8,7,9,8,7,6,73.98899802074375,1
7,9,8,2,6,6,8,6,7,9,10,5,7,70.0,1
6,10,7,5,9,6,6,4,6,8,10,8,6,74.3368896571966,1
8,9,5,8,9,6,3,2,6,6,6,6,7,70.11759878276625,1
6,8,7,7,3,6,8,9,9,7,4,9,7,70.71800397216356,1
7,9,8,4,10,7,6,8,5,10,7,8,5,74.56521739130434,1
6,7,8,8,8,8,3,9,6,8,2,9,3,70.29818541525388,1
9,10,7,9,9,7,2,4,6,5,6,5,7,71.5163432935043,1
6,7,6,5,8,8,6,8,7,7,7,7,6,71.11813913566527,1
8,9,6,8,8,5,4,1,5,7,10,7,6,72.11484022807242,1
8,8,8,6,6,6,6,9,5,9,4,10,5,71.35897150990317,1
7,9,8,2,6,6,8,6,7,9,10,6,6,71.06020021022994,1
8,8,8,6,9,6,4,9,3,9,3,10,3,70.59546293440087,1
6,7,7,3,9,8,7,8,7,8,8,8,6,71.73913043478261,1
6,7,6,8,7,8,5,8,7,6,5,7,7,70.33548004447935,1
9,10,7,9,9,7,2,4,6,4,6,5,7,71.94927871884373,1
7,9,8,2,6,6,8,6,7,9,10,6,7,70.65217391304348,1
9,9,7,7,10,8,2,7,4,5,4,6,5,70.33235077149087,1
7,9,8,5,5,8,4,1,2,9,10,9,9,70.88593882159262,1
8,10,6,6,6,8,3,1,2,8,10,9,8,71.72473571558206,1
8,9,6,7,8,4,4,1,6,7,10,7,7,72.1099163573775,1
8,9,8,4,2,4,10,6,9,8,7,6,9,70.43478260869566,1
6,8,8,6,5,6,8,8,7,8,5,9,7,72.48693328665942,1
8,8,8,5,9,6,5,9,3,9,4,9,4,70.77445630010654,1
7,10,7,8,8,5,4,1,5,8,10,8,7,73.69565217391305,1
8,8,7,6,9,6,4,9,3,9,4,9,4,71.61541070294886,1
8,7,7,6,9,6,5,9,3,8,4,9,4,70.23947279808948,1
7,8,7,7,2,5,9,8,9,7,5,9,8,72.92330789880575,1
7,10,8,4,7,8,5,3,3,9,10,9,8,73.45934191941758,1
6,9,8,5,5,6,9,8,8,8,7,9,7,73.00260657763371,1
8,10,7,7,7,5,4,1,4,8,10,8,8,73.35381606779725,1
7,8,7,6,2,5,9,8,9,7,5,8,8,71.73526243983268,1
8,9,8,6,6,7,3,1,2,9,9,9,9,71.26391810419697,1
7,10,7,8,8,5,4,1,5,8,10,8,7,73.69565217391305,1
6,10,7,5,9,6,6,4,6,8,10,8,6,74.00568406101124,1
9,9,6,8,9,9,2,7,6,4,5,5,7,70.47378331927942,1
8,9,9,3,2,4,10,5,9,8,8,5,9,70.51599960512954,1
6,8,7,2,9,7,7,7,7,9,9,7,6,73.07346938866561,1
6,10,8,3,8,8,6,5,5,9,10,8,7,73.47826086956522,1
7,10,8,4,7,8,5,3,3,9,10,9,8,74.15328424654437,1
7,10,7,6,9,6,6,3,6,8,10,8,7,74.63116320714275,1
6,9,8,2,7,6,8,7,7,9,10,6,6,71.14018808663633,1
9,8,7,6,10,7,4,9,3,8,4,9,4,71.21154316762598,1
9,10,7,9,9,7,2,5,6,4,5,5,7,71.01415790059804,1
7,9,8,5,6,8,3,1,2,9,9,9,9,71.75115435065845,1
9,8,4,1,10,2,5,5,7,9,5,5,9,70.0,1
6,10,7,3,9,7,7,7,6,9,10,8,6,74.95848178920427,1
7,8,7,6,2,5,9,8,9,7,5,8,8,71.59306171900243,1
6,8,7,4,9,8,6,8,7,8,7,7,6,73.60570154031932,1
8,10,5,8,9,5,3,1,6,7,10,8,7,72.58111804463226,1
6,8,7,3,9,8,7,8,7,8,8,8,6,72.17882382330794,1
8,10,7,8,8,5,4,1,5,8,10,8,8,73.69565217391305,1
9,10,7,9,9,8,2,6,6,4,5,5,7,73.37078381596663,1
6,8,8,7,4,6,7,9,8,8,4,10,6,71.29087248169205,1
8,10,6,8,9,5,4,1,6,7,10,8,7,72.60869565217392,1
8,9,7,9,8,5,4,2,5,7,9,7,6,72.78246716390886,1
7,10,8,4,7,8,5,3,3,9,10,9,8,73.45589965283884,1
9,9,6,8,9,9,2,7,6,4,5,5,7,70.54371234912449,1
8,9,6,8,9,5,4,1,6,7,9,7,7,71.73893723450365,1
8,10,7,7,7,6,4,1,4,8,10,8,8,72.36699111473189,1
8,10,6,6,6,7,2,2,3,7,10,10,8,71.15631765102827,1
7,9,8,5,2,5,10,7,9,8,6,7,9,71.43174802385067,1
9,9,6,9,9,9,2,7,6,4,5,5,7,70.21739130434783,1
8,7,7,6,9,7,4,9,3,8,4,9,4,70.57883299698831,1
9,8,7,6,10,7,3,8,3,7,4,7,4,70.05727704774006,1
9,9,7,7,10,8,3,8,4,6,4,7,5,70.43478260869566,1
7,10,8,4,7,8,5,3,3,9,10,9,8,73.97448740743505,1
8,10,6,8,9,5,4,1,6,7,9,7,7,73.16743973521272,1
10,9,6,8,9,8,1,6,6,4,5,5,6,70.44536041002223,1
9,10,3,8,9,5,1,3,7,6,10,9,6,70.92888187671774,1
8,9,6,8,9,5,4,1,6,7,9,7,7,72.13541563353519,1
8,9,6,8,9,6,3,3,6,5,6,6,7,71.27458808777381,1
8,10,7,8,8,5,4,1,4,8,10,8,8,73.69565217391305,1
9,10,7,9,9,8,2,5,6,4,5,5,7,70.72103793884318,1
6,9,7,2,10,6,7,7,7,9,8,7,6,72.02777183838991,1
6,9,7,3,9,7,7,7,6,9,9,7,6,74.19755591705658,1
7,10,8,5,6,8,4,1,2,9,10,9,9,71.95652173913044,1
6,8,8,6,5,6,8,8,7,8,6,9,7,72.56810360146237,1
7,10,7,6,9,6,6,3,6,8,10,8,7,74.61531833080673,1
6,10,7,3,9,7,7,7,6,9,10,8,6,76.35525352404915,1
7,9,8,2,6,6,8,6,7,9,10,5,7,70.0,1
7,7,7,6,3,6,9,9,9,7,5,9,8,70.51800636963415,1
7,10,7,6,9,5,5,3,6,8,10,8,7,74.53134840995581,1
8,8,8,6,9,6,5,9,3,9,4,10,4,71.71994781056914,1
8,7,7,6,9,7,4,9,3,8,4,9,4,70.24999629676213,1
8,10,7,8,8,5,4,1,5,8,10,8,8,73.69565217391305,1
8,10,7,6,6,7,4,1,2,8,10,9,9,74.41720476100603,1
7,10,7,8,8,5,4,1,5,8,10,8,7,73.69565217391305,1
7,9,8,5,5,8,4,1,2,9,10,9,9,71.41876588208089,1
6,9,8,6,3,5,9,8,8,8,6,9,8,72.65490949778214,1
8,10,5,6,7,7,2,2,4,7,10,10,8,70.82043148207568,1
8,10,5,6,7,7,2,2,4,7,10,10,8,70.89588850231617,1
6,9,8,5,5,6,9,8,8,8,7,9,7,72.03500565105321,1
6,9,8,5,3,5,9,7,8,8,7,7,8,71.67467892686508,1
7,9,8,2,6,6,8,6,7,9,10,5,7,70.0,1
7,9,8,2,6,6,8,6,7,9,10,5,7,70.24930428154627,1
8,9,8,6,6,7,3,1,2,9,9,9,9,71.65879270788602,1
8,10,6,6,6,7,2,2,3,7,10,10,8,71.10158789186438,1
9,10,7,9,9,8,2,6,6,4,5,5,7,70.86956521739131,1
8,10,5,6,7,7,2,2,4,7,10,10,7,70.45852817118265,1
10,10,5,8,9,7,1,5,6,4,6,6,6,70.3073741875418,1
8,9,8,5,5,7,3,1,2,9,9,9,9,70.92640643463619,1
8,10,7,8,8,5,4,1,4,8,10,8,8,73.69565217391305,1
8,9,6,8,8,5,4,1,5,7,10,7,6,71.44626605908935,1
9,9,7,7,10,8,2,7,4,5,4,6,5,70.3260157081814,1
6,9,8,6,4,6,9,8,8,8,7,9,7,72.60869565217392,1
8,10,6,8,9,5,4,1,6,7,10,8,7,72.60869565217392,1
7,9,8,2,6,6,8,6,7,9,10,5,7,70.0,1
7,7,7,6,3,6,9,9,9,7,5,9,8,70.2098313802592,1
7,9,8,5,2,5,10,7,9,8,6,7,9,71.94771443101655,1
8,9,7,8,8,5,4,1,5,8,10,7,7,73.23878296043715,1
7,8,6,8,9,5,4,1,6,7,6,6,8,70.34400018586746,1
9,10,7,9,9,7,2,5,6,4,6,5,7,70.96726912042858,1
8,10,7,9,9,6,3,3,6,6,7,6,7,71.30434782608695,1
7,9,8,2,6,6,8,6,7,9,10,5,7,70.0,1
8,10,7,8,8,5,4,1,4,8,10,8,8,73.69565217391305,1
9,10,3,7,8,5,1,4,7,6,10,9,6,70.49636122741649,1
6,10,7,3,9,7,7,7,6,9,10,8,6,74.46412013181933,1
7,6,6,3,8,8,6,8,7,7,7,7,6,71.00049549257243,1
6,8,6,1,10,5,6,6,7,9,7,6,6,71.09084804032501,1
8,4,6,3,8,9,6,9,8,6,6,8,7,70.86956521739131,1
7,10,8,4,7,8,5,3,3,9,10,9,8,74.03208279451258,1
8,10,5,8,9,5,3,2,6,7,10,8,7,71.95652173913044,1
7,9,8,7,2,5,10,8,9,8,6,9,9,75.57085417749369,1
8,8,7,5,10,7,4,9,3,9,4,9,4,71.87051761474584,1
8,10,6,8,9,5,4,1,6,7,10,8,7,72.60869565217392,1
8,9,6,7,8,4,4,1,6,7,10,7,7,72.48088205128334,1
8,10,5,8,9,5,3,2,6,7,10,8,7,71.95652173913044,1
6,9,7,2,8,6,7,7,7,9,9,7,6,72.3913043478261,1
8,9,8,5,5,7,3,1,2,9,9,9,9,70.91151363538026,1
6,7,7,4,9,8,6,8,7,7,7,7,6,71.47170171158645,1
7,8,8,4,10,7,5,9,3,10,4,9,4,72.19093664366851,1
7,7,7,6,3,6,9,8,8,7,5,9,8,70.04945324678748,1
7,9,8,2,6,6,8,6,7,9,10,6,6,71.08296007662058,1
8,10,7,8,8,5,4,1,5,8,10,8,8,73.69565217391305,1
9,10,3,7,8,6,1,4,7,6,10,10,6,70.43478260869566,1
6,8,7,2,9,7,7,7,7,8,8,7,6,71.80784916640029,1
6,8,7,8,4,7,7,8,8,7,4,9,7,71.41820276145889,1
8,10,5,6,7,7,2,2,4,7,10,10,8,70.69730898029009,1
6,10,7,3,9,7,7,6,5,9,10,8,6,74.19935347623407,1
8,10,7,6,6,8,3,1,2,8,10,9,9,72.07958679272654,1
7,8,7,8,3,6,9,8,8,7,5,9,8,70.21739130434783,1
9,9,7,7,10,8,3,8,4,6,4,7,5,70.43478260869566,1
6,7,7,3,9,8,7,8,7,8,8,8,6,72.90764987504296,1
8,10,5,8,9,5,3,1,6,7,10,8,7,72.19688558036042,1
8,8,8,6,6,6,6,9,5,9,4,10,5,71.68953402363155,1
7,10,7,6,9,6,6,3,6,8,10,8,7,74.58031727853361,1
9,8,7,6,10,7,4,9,3,8,4,8,4,70.58659652546639,1
6,10,8,3,9,8,7,7,6,9,10,8,6,75.43478260869566,1
7,8,7,7,3,6,8,8,7,7,5,9,7,70.72316395128719,1
9,9,9,1,2,4,10,5,9,8,9,3,9,70.79340046388077,1
8,8,7,6,9,6,4,9,3,9,4,9,4,71.52730325771059,1
9,10,7,9,9,7,2,5,6,4,6,5,7,71.11385177760333,1
8,10,7,9,9,6,3,3,6,6,7,6,7,71.30434782608695,1
8,10,5,8,9,5,3,2,6,7,10,8,7,71.95652173913044,1
9,10,7,9,9,8,2,6,6,4,5,5,7,70.86956521739131,1
10,10,4,8,9,7,1,5,6,4,6,6,6,70.4560022205197,1
6,10,8,3,9,8,7,6,5,9,10,8,6,74.98874678887577,1
8,10,6,8,9,5,4,1,6,7,10,8,7,72.60869565217392,1
9,10,3,8,9,5,1,3,7,6,10,9,6,71.10768629996159,1
6,9,8,6,4,6,9,8,8,8,7,9,7,72.60869565217392,1
8,10,7,7,7,6,4,1,4,8,10,8,8,72.27908655992078,1
7,10,8,4,7,8,5,3,3,9,10,9,8,74.11661743109019,1
8,10,7,7,7,5,4,1,4,8,10,8,8,72.77851514383036,1
7,9,8,7,2,5,10,8,9,8,6,9,9,74.66998306061609,1
9,10,7,9,9,7,2,5,6,4,5,5,7,70.94178859302625,1
8,10,6,8,9,5,4,1,6,7,10,8,7,72.60869565217392,1
9,10,7,9,9,8,2,5,6,4,5,5,7,70.86956521739131,1
6,9,8,6,4,6,9,8,8,8,7,9,8,72.60869565217392,1
7,10,8,4,6,8,4,1,2,9,10,9,8,71.99975347628909,1
5,8,9,9,6,9,3,9,9,8,1,10,2,70.53410077862878,1
6,10,8,3,8,8,6,5,5,9,10,8,7,73.47826086956522,1
6,8,7,4,9,8,6,8,7,8,7,7,6,71.84470850159646,1
6,10,8,3,8,8,6,6,5,9,10,8,6,73.94908583769791,1
7,9,8,5,2,5,10,7,9,8,6,7,9,71.76300242725893,1
6,10,8,3,8,8,6,5,5,9,10,8,7,73.73840448108344,1
8,8,7,5,10,7,4,9,3,9,4,9,4,71.81254958389586,1
8,10,6,8,9,5,4,1,6,7,10,8,7,72.60869565217392,1
9,9,6,9,9,9,2,7,6,4,5,5,7,70.21739130434783,1
6,9,8,6,3,5,9,8,8,8,6,8,8,72.56478821616562,1
7,8,8,7,4,6,8,9,7,8,5,10,7,71.4459583047467,1
6,8,7,2,9,6,7,7,7,8,8,7,6,71.93930369179586,1
9,8,7,6,10,7,4,9,3,9,4,9,4,71.78494021457335,1
7,9,7,9,8,5,5,1,5,8,9,7,7,73.09084256102878,1
8,7,7,6,9,7,4,9,3,8,4,9,4,70.45291023184154,1
6,9,7,3,9,8,7,8,7,9,9,7,6,75.4735799157218,1
9,10,7,9,9,7,2,5,6,4,5,5,7,71.16337827589423,1
7,8,7,8,3,6,8,8,8,7,5,9,8,70.52391675718961,1
6,8,7,3,9,8,7,8,7,8,8,7,6,72.79885840066424,1
6,10,8,3,9,8,7,6,5,9,10,8,6,74.57317000511222,1
8,9,7,8,8,5,4,1,5,8,10,7,7,72.88408828121435,1
7,8,7,7,3,6,9,8,8,7,5,9,8,70.31813249673594,1
6,8,7,3,7,7,7,8,7,9,8,8,6,72.8549774464294,1
9,8,7,6,10,7,4,9,3,8,4,9,4,70.94240970787169,1
8,9,7,8,8,4,5,1,5,8,10,7,7,71.89524402631967,1
6,10,7,3,9,7,7,7,6,9,10,8,6,74.582767367678,1
7,10,7,6,9,6,6,3,6,8,10,8,7,74.42396742698674,1
7,9,8,5,5,8,4,1,2,9,10,9,9,71.5234181610248,1
7,8,7,7,3,6,8,8,7,7,5,9,7,70.84510294910996,1
9,10,7,9,9,7,2,4,6,4,6,5,7,71.32445033685744,1
8,8,8,6,6,7,3,1,2,9,9,9,9,70.88468908218788,1
6,10,8,3,8,8,6,5,5,9,10,8,7,73.65850292985202,1
7,10,8,4,7,8,5,3,3,9,10,9,8,73.84977242365099,1
9,10,3,8,9,5,1,4,7,6,10,9,6,70.86956521739131,1
8,10,7,7,7,6,4,1,4,8,10,8,8,73.04083371825645,1
8,8,8,7,6,6,2,1,2,9,9,9,9,70.65217391304348,1
7,7,7,6,3,6,9,9,9,7,5,9,8,70.54372366088887,1
8,10,5,8,9,5,3,2,6,7,10,8,7,71.95652173913044,1
8,8,4,7,9,5,4,2,6,7,5,5,8,70.0,1
6,9,7,2,9,7,7,7,7,9,9,7,6,73.5047160667625,1
8,8,7,6,9,6,4,9,3,8,4,9,4,70.65217391304348,1
6,7,7,3,9,8,6,8,7,8,7,7,6,71.79512852956391,1
6,9,8,5,4,6,9,8,8,8,7,9,7,72.34768962552283,1
9,9,6,9,9,9,2,7,6,4,5,5,7,70.21739130434783,1
7,8,7,7,4,6,8,8,7,7,5,9,7,71.35387561921257,1
9,9,6,8,9,9,2,7,6,4,5,5,7,70.2306053523028,1
9,10,4,8,9,6,1,4,7,5,8,8,6,71.69888811548522,1
7,7,6,8,9,6,4,1,7,8,4,4,8,71.60931383442139,1
9,10,3,7,8,5,1,4,7,6,10,9,6,70.45486329629153,1
8,10,6,8,9,5,4,1,6,7,10,8,7,72.60869565217392,1
7,5,7,9,9,8,5,1,8,9,2,2,10,73.09732193736457,1
6,8,7,3,9,8,7,8,7,9,9,7,6,73.7266068787232,1
9,10,3,8,9,5,1,3,7,6,10,9,6,71.04051141588695,1
8,8,8,6,9,6,4,9,3,9,3,10,3,70.58700099353717,1
8,9,7,7,7,4,5,1,5,8,10,7,7,70.75437008948853,1
8,9,6,7,8,4,4,1,6,7,9,7,8,71.4134450621708,1
6,8,6,1,10,5,6,6,7,9,7,6,6,71.4332400201211,1
7,8,8,4,9,6,5,9,3,9,5,9,4,72.03807615422593,1
8,8,8,7,6,6,2,1,2,9,9,9,9,70.65217391304348,1
6,10,7,5,9,6,6,4,6,8,10,8,6,74.3390832254842,1
7,9,8,4,2,4,10,6,9,8,7,6,9,70.52598376541364,1
7,8,7,8,3,6,8,8,8,7,5,9,8,71.27509258513219,1
7,9,8,2,6,6,8,6,7,9,10,5,7,70.61165844501896,1
7,9,8,5,5,8,4,1,2,9,10,9,9,71.35374117805372,1
9,9,9,1,2,4,10,5,9,8,9,3,9,70.83529325620955,1
7,10,7,5,6,8,4,1,2,8,10,9,9,71.95652173913044,1
8,9,6,7,8,4,4,1,6,7,10,7,7,72.10834616008985,1
8,10,7,7,7,5,4,1,4,8,10,8,8,72.85674833292676,1
7,10,7,5,6,8,4,1,2,8,10,9,9,71.95652173913044,1
6,10,7,3,9,7,7,6,6,9,10,8,6,74.88600038212493,1
7,9,8,5,5,8,4,1,2,9,10,9,9,70.95910976431882,1
9,9,6,9,9,9,2,7,6,4,5,5,7,70.21739130434783,1
9,10,7,9,9,8,2,6,6,4,5,5,7,70.86956521739131,1
7,8,7,7,3,6,9,8,8,7,5,9,8,70.5625372520867,1
7,10,8,5,6,8,4,2,2,9,10,9,8,73.61738953623642,1
8,8,8,6,6,6,2,1,2,9,9,9,9,70.81312885066416,1
6,10,8,3,8,8,6,5,5,9,10,8,7,73.47826086956522,1
7,7,7,6,3,6,9,9,9,7,5,9,8,70.55659121975077,1
8,8,8,6,6,7,3,1,2,9,9,9,9,70.8250266344353,1
7,9,8,2,6,6,8,6,7,9,10,6,6,70.94090333449982,1
9,9,6,9,9,9,2,7,6,4,5,5,7,70.21739130434783,1
7,10,7,8,8,5,4,1,5,8,10,8,7,73.69565217391305,1
9,8,7,6,10,7,4,9,3,8,4,8,4,70.22103495910041,1
7,6,6,3,8,8,6,8,7,7,7,8,6,71.25108801270973,1
9,10,6,8,9,8,1,6,6,4,5,5,6,70.65344270317044,1
6,10,7,3,9,7,7,6,6,9,10,8,6,74.81106355667694,1
8,9,6,7,8,4,4,1,6,7,10,7,7,72.1450270294175,1
7,8,7,7,2,5,9,8,9,7,5,9,8,72.92558204749402,1
6,10,8,3,8,8,6,5,5,9,10,8,6,74.30536953938292,1
6,7,8,8,8,8,3,9,6,8,2,9,3,70.31843233997053,1
9,10,6,8,9,7,1,5,6,4,6,5,6,70.6941122388069,1
8,7,7,6,9,7,4,9,3,8,4,8,4,70.10499728433741,1
8,8,7,9,9,4,3,1,4,8,9,8,8,71.08695652173913,1
7,6,6,3,8,8,6,8,7,7,7,8,6,71.51203292901388,1
6,10,7,3,9,7,7,7,6,9,10,8,6,75.07213667556842,1
7,8,7,7,3,6,8,8,7,7,5,9,7,70.40438435422105,1
9,8,7,6,10,7,4,9,3,8,4,8,4,70.08453244922767,1
8,10,5,8,9,5,3,1,6,7,10,8,7,72.21485548209017,1
6,9,7,3,9,7,7,7,6,9,10,7,5,73.57302943124697,1
6,10,8,3,9,8,7,6,5,9,10,8,6,74.95987434635933,1
6,9,8,5,6,6,8,8,7,8,7,8,7,73.13600490613635,1
6,10,7,3,9,7,7,7,6,9,10,8,6,74.1304347826087,1
6,9,7,2,9,6,7,7,7,9,8,7,6,72.38813717145946,1
9,10,3,7,8,5,1,3,7,6,10,9,6,71.39190790985927,1
6,9,8,2,8,7,8,7,7,9,10,7,6,73.20264841666445,1
7,8,7,8,3,6,8,8,8,7,5,9,8,70.44542900059628,1
8,9,6,8,9,5,4,1,6,7,9,7,7,72.51383659462144,1
10,9,6,8,9,8,1,6,6,4,5,5,6,70.38405533112717,1
9,8,7,6,10,7,3,8,3,7,4,7,4,70.0885818171571,1
8,8,8,6,6,7,3,1,2,9,9,9,9,70.99772460993647,1
6,9,7,2,8,6,7,7,7,9,9,7,6,72.3913043478261,1
9,10,7,9,9,8,2,5,6,4,5,5,7,70.70847986123945,1
7,9,8,2,6,6,8,6,7,9,10,5,6,70.00963609810826,1
8,7,7,6,9,7,4,9,3,8,4,9,4,70.47493348682782,1
8,9,5,8,9,6,3,2,6,6,6,6,7,70.43966080377963,1
8,8,8,5,9,6,5,9,3,9,4,9,4,71.30091332481881,1
8,10,5,8,9,5,3,1,6,7,10,8,7,72.42533707552069,1
6,10,8,3,9,8,7,6,6,9,10,8,6,75.31835475274072,1
6,7,7,3,9,8,7,8,7,7,7,7,6,71.56512479770777,1
8,9,8,5,5,7,3,1,2,9,9,9,9,71.0294513028721,1
9,9,6,8,9,9,2,7,6,4,5,5,7,70.5620466783026,1
7,6,7,9,9,6,5,1,7,8,5,4,8,70.90995171247026,1
8,8,7,9,9,4,3,1,4,8,9,8,8,71.08695652173913,1
8,8,8,6,7,6,6,9,4,9,4,10,5,71.30102097406274,1
7,6,7,9,9,6,5,1,7,8,5,3,8,71.58904558697539,1
6,10,7,5,9,6,6,4,6,8,10,8,6,74.51268197524692,1
6,9,8,5,6,7,8,8,7,9,8,8,7,73.47826086956522,1
9,10,7,9,9,7,2,4,6,4,6,5,7,71.85262795110435,1
7,9,8,2,6,6,8,6,7,9,10,5,6,70.2536233801273,1
8,7,7,6,7,6,5,9,4,8,4,9,5,70.87070688795514,1
7,10,8,5,6,8,4,1,2,9,10,9,8,72.81826548288555,1
8,9,8,4,2,4,10,6,9,8,7,6,9,70.43478260869566,1
8,10,7,9,9,6,3,3,6,5,6,6,7,71.38855791282035,1
8,8,7,5,10,7,4,9,3,9,4,9,4,72.05578908876527,1
8,8,7,6,9,7,4,9,3,9,3,9,3,71.53968167292273,1
7,8,7,7,2,5,9,8,9,7,5,9,8,72.70384538466877,1
8,9,8,5,5,8,3,1,2,9,9,9,9,71.51495495791833,1
6,7,7,5,8,8,6,7,6,8,8,6,5,71.89656631957277,1
9,10,3,8,9,5,1,4,7,5,9,8,6,70.9965256611208,1
6,9,7,3,9,8,7,7,6,9,9,7,5,72.96820628069285,1
6,10,8,3,8,8,6,5,5,9,10,8,6,74.05109398190075,1
7,6,7,8,9,6,4,1,7,8,5,3,8,70.93087274894798,1
9,10,7,9,9,8,2,5,6,4,5,5,7,70.55383582260829,1
6,9,8,5,6,7,8,8,7,9,8,8,7,73.47826086956522,1
8,10,5,6,7,7,2,2,4,7,10,10,8,70.48821265698137,1
8,9,9,1,3,4,9,5,8,9,10,3,8,70.57353878156948,1
9,10,7,9,9,7,2,4,6,5,6,5,7,71.89688568086491,1
8,10,7,8,8,5,4,1,5,8,10,8,8,73.69565217391305,1
9,8,7,9,9,9,2,7,5,4,5,4,5,70.10704520102414,1
8,8,6,9,8,9,2,7,6,4,5,5,7,70.48406639764228,1
8,10,7,8,8,5,4,1,5,8,10,8,8,73.69565217391305,1
